Survived,Pclass,Age,SibSp,Parch,Fare,Family_Size,Age*Class,Fare_Per_Person,Sex_female,Embarked_C,Embarked_Q,Embarked_S,Title_Master,Title_Miss,Title_Mr,Title_Mrs,Deck_A,Deck_B,Deck_C,Deck_D,Deck_E,Deck_F,Deck_G,Deck_T,Deck_U
0,3,22,1,0,7.25,1,66,3.625,0,0,0,1,0,0,1,0,0,0,0,0,0,0,0,0,1
1,1,38,1,0,71.2833,1,38,35.64165,1,1,0,0,0,0,0,1,0,0,1,0,0,0,0,0,0
1,3,26,0,0,7.925,0,78,7.925,1,0,0,1,0,1,0,0,0,0,0,0,0,0,0,0,1
1,1,35,1,0,53.1,1,35,26.55,1,0,0,1,0,0,0,1,0,0,1,0,0,0,0,0,0
0,3,35,0,0,8.05,0,105,8.05,0,0,0,1,0,0,1,0,0,0,0,0,0,0,0,0,1
0,3,20,0,0,8.4583,0,60,8.4583,0,0,1,0,0,0,1,0,0,0,0,0,0,0,0,0,1
0,1,54,0,0,51.8625,0,54,51.8625,0,0,0,1,0,0,1,0,0,0,0,0,1,0,0,0,0
0,3,2,3,1,21.075,4,6,4.215,0,0,0,1,1,0,0,0,0,0,0,0,0,0,0,0,1
1,3,27,0,2,11.1333,2,81,3.7111,1,0,0,1,0,0,0,1,0,0,0,0,0,0,0,0,1
1,2,14,1,0,30.0708,1,28,15.0354,1,1,0,0,0,0,0,1,0,0,0,0,0,0,0,0,1
1,3,4,1,1,16.7,2,12,5.566666666666666,1,0,0,1,0,1,0,0,0,0,0,0,0,0,1,0,0
1,1,58,0,0,26.55,0,58,26.55,1,0,0,1,0,1,0,0,0,0,1,0,0,0,0,0,0
0,3,20,0,0,8.05,0,60,8.05,0,0,0,1,0,0,1,0,0,0,0,0,0,0,0,0,1
0,3,39,1,5,31.275,6,117,4.4678571428571425,0,0,0,1,0,0,1,0,0,0,0,0,0,0,0,0,1
0,3,14,0,0,7.8542,0,42,7.8542,1,0,0,1,0,1,0,0,0,0,0,0,0,0,0,0,1
1,2,55,0,0,16.0,0,110,16.0,1,0,0,1,0,0,0,1,0,0,0,0,0,0,0,0,1
0,3,2,4,1,29.125,5,6,4.854166666666667,0,0,1,0,1,0,0,0,0,0,0,0,0,0,0,0,1
1,2,25,0,0,13.0,0,50,13.0,0,0,0,1,0,0,1,0,0,0,0,0,0,0,0,0,1
0,3,31,1,0,18.0,1,93,9.0,1,0,0,1,0,0,0,1,0,0,0,0,0,0,0,0,1
1,3,37,0,0,7.225,0,111,7.225,1,1,0,0,0,0,0,1,0,0,0,0,0,0,0,0,1
0,2,35,0,0,26.0,0,70,26.0,0,0,0,1,0,0,1,0,0,0,0,0,0,0,0,0,1
1,2,34,0,0,13.0,0,68,13.0,0,0,0,1,0,0,1,0,0,0,0,1,0,0,0,0,0
1,3,15,0,0,8.0292,0,45,8.0292,1,0,1,0,0,1,0,0,0,0,0,0,0,0,0,0,1
1,1,28,0,0,35.5,0,28,35.5,0,0,0,1,0,0,1,0,1,0,0,0,0,0,0,0,0
0,3,8,3,1,21.075,4,24,4.215,1,0,0,1,0,1,0,0,0,0,0,0,0,0,0,0,1
1,3,38,1,5,31.3875,6,114,4.483928571428572,1,0,0,1,0,0,0,1,0,0,0,0,0,0,0,0,1
0,3,24,0,0,7.225,0,72,7.225,0,1,0,0,0,0,1,0,0,0,0,0,0,0,0,0,1
0,1,19,3,2,263.0,5,19,43.833333333333336,0,0,0,1,0,0,1,0,0,0,1,0,0,0,0,0,0
1,3,38,0,0,7.8792,0,114,7.8792,1,0,1,0,0,1,0,0,0,0,0,0,0,0,0,0,1
0,3,35,0,0,7.8958,0,105,7.8958,0,0,0,1,0,0,1,0,0,0,0,0,0,0,0,0,1
0,1,40,0,0,27.7208,0,40,27.7208,0,1,0,0,0,0,1,0,0,0,0,0,0,0,0,0,1
1,1,41,1,0,146.5208,1,41,73.2604,1,1,0,0,0,0,0,1,0,1,0,0,0,0,0,0,0
1,3,20,0,0,7.75,0,60,7.75,1,0,1,0,0,1,0,0,0,0,0,0,0,0,0,0,1
0,2,66,0,0,10.5,0,132,10.5,0,0,0,1,0,0,1,0,0,0,0,0,0,0,0,0,1
0,1,28,1,0,82.1708,1,28,41.0854,0,1,0,0,0,0,1,0,0,0,0,0,0,0,0,0,1
0,1,42,1,0,52.0,1,42,26.0,0,0,0,1,0,0,1,0,0,0,0,0,0,0,0,0,1
1,3,41,0,0,7.2292,0,123,7.2292,0,1,0,0,0,0,1,0,0,0,0,0,0,0,0,0,1
0,3,21,0,0,8.05,0,63,8.05,0,0,0,1,0,0,1,0,0,0,0,0,0,0,0,0,1
0,3,18,2,0,18.0,2,54,6.0,1,0,0,1,0,1,0,0,0,0,0,0,0,0,0,0,1
1,3,14,1,0,11.2417,1,42,5.62085,1,1,0,0,0,1,0,0,0,0,0,0,0,0,0,0,1
0,3,40,1,0,9.475,1,120,4.7375,1,0,0,1,0,0,0,1,0,0,0,0,0,0,0,0,1
0,2,27,1,0,21.0,1,54,10.5,1,0,0,1,0,0,0,1,0,0,0,0,0,0,0,0,1
0,3,34,0,0,7.8958,0,102,7.8958,0,1,0,0,0,0,1,0,0,0,0,0,0,0,0,0,1
1,2,3,1,2,41.5792,3,6,10.3948,1,1,0,0,0,1,0,0,0,0,0,0,0,0,0,0,1
1,3,19,0,0,7.8792,0,57,7.8792,1,0,1,0,0,1,0,0,0,0,0,0,0,0,0,0,1
0,3,41,0,0,8.05,0,123,8.05,0,0,0,1,0,0,1,0,0,0,0,0,0,0,0,0,1
0,3,43,1,0,15.5,1,129,7.75,0,0,1,0,0,0,1,0,0,0,0,0,0,0,0,0,1
1,3,30,0,0,7.75,0,90,7.75,1,0,1,0,0,1,0,0,0,0,0,0,0,0,0,0,1
0,3,21,2,0,21.6792,2,63,7.226400000000001,0,1,0,0,0,0,1,0,0,0,0,0,0,0,0,0,1
0,3,18,1,0,17.8,1,54,8.9,1,0,0,1,0,0,0,1,0,0,0,0,0,0,0,0,1
0,3,7,4,1,39.6875,5,21,6.614583333333333,0,0,0,1,1,0,0,0,0,0,0,0,0,0,0,0,1
0,3,21,0,0,7.8,0,63,7.8,0,0,0,1,0,0,1,0,0,0,0,0,0,0,0,0,1
1,1,49,1,0,76.7292,1,49,38.3646,1,1,0,0,0,0,0,1,0,0,0,1,0,0,0,0,0
1,2,29,1,0,26.0,1,58,13.0,1,0,0,1,0,0,0,1,0,0,0,0,0,0,0,0,1
0,1,65,0,1,61.9792,1,65,30.9896,0,1,0,0,0,0,1,0,0,1,0,0,0,0,0,0,0
1,1,15,0,0,35.5,0,15,35.5,0,0,0,1,0,0,1,0,0,0,1,0,0,0,0,0,0
1,2,21,0,0,10.5,0,42,10.5,1,0,0,1,0,1,0,0,0,0,0,0,0,0,0,0,1
0,3,28,0,0,7.2292,0,84,7.2292,0,1,0,0,0,0,1,0,0,0,0,0,0,0,0,0,1
1,2,5,1,2,27.75,3,10,6.9375,1,0,0,1,0,1,0,0,0,0,0,0,0,0,0,0,1
0,3,11,5,2,46.9,7,33,5.8625,0,0,0,1,1,0,0,0,0,0,0,0,0,0,0,0,1
0,3,22,0,0,7.2292,0,66,7.2292,0,1,0,0,0,0,1,0,0,0,0,0,0,0,0,0,1
0,1,45,1,0,83.475,1,45,41.7375,0,0,0,1,0,0,1,0,0,0,1,0,0,0,0,0,0
0,3,4,3,2,27.9,5,12,4.6499999999999995,0,0,0,1,1,0,0,0,0,0,0,0,0,0,0,0,1
0,1,37,0,0,27.7208,0,37,27.7208,0,1,0,0,0,0,1,0,0,0,0,0,0,0,0,0,1
1,3,31,1,1,15.2458,2,93,5.081933333333333,0,1,0,0,1,0,0,0,0,0,0,0,0,0,0,0,1
1,2,29,0,0,10.5,0,58,10.5,1,0,0,1,0,0,0,1,0,0,0,0,0,1,0,0,0
0,3,19,0,0,8.1583,0,57,8.1583,0,0,0,1,0,0,1,0,0,0,0,0,0,0,0,0,1
1,3,17,4,2,7.925,6,51,1.1321428571428571,1,0,0,1,0,1,0,0,0,0,0,0,0,0,0,0,1
0,3,26,2,0,8.6625,2,78,2.8874999999999997,0,0,0,1,0,0,1,0,0,0,0,0,0,0,0,0,1
0,2,32,0,0,10.5,0,64,10.5,0,0,0,1,0,0,1,0,0,0,0,0,0,0,0,0,1
0,3,16,5,2,46.9,7,48,5.8625,1,0,0,1,0,1,0,0,0,0,0,0,0,0,0,0,1
0,2,21,0,0,73.5,0,42,73.5,0,0,0,1,0,0,1,0,0,0,0,0,0,0,0,0,1
0,3,26,1,0,14.4542,1,78,7.2271,0,1,0,0,0,0,1,0,0,0,0,0,0,0,0,0,1
1,3,32,0,0,56.4958,0,96,56.4958,0,0,0,1,0,0,1,0,0,0,0,0,0,0,0,0,1
0,3,25,0,0,7.65,0,75,7.65,0,0,0,1,0,0,1,0,0,0,0,0,0,1,0,0,0
0,3,36,0,0,7.8958,0,108,7.8958,0,0,0,1,0,0,1,0,0,0,0,0,0,0,0,0,1
0,3,18,0,0,8.05,0,54,8.05,0,0,0,1,0,0,1,0,0,0,0,0,0,0,0,0,1
1,2,0,0,2,29.0,2,0,9.666666666666666,0,0,0,1,1,0,0,0,0,0,0,0,0,0,0,0,1
1,3,30,0,0,12.475,0,90,12.475,1,0,0,1,0,1,0,0,0,0,0,0,0,0,0,0,1
0,3,22,0,0,9.0,0,66,9.0,0,0,0,1,0,0,1,0,0,0,0,0,0,0,0,0,1
1,3,29,0,0,9.5,0,87,9.5,0,0,0,1,0,0,1,0,0,0,0,0,0,0,0,0,1
1,3,31,0,0,7.7875,0,93,7.7875,1,0,1,0,0,1,0,0,0,0,0,0,0,0,0,0,1
0,1,28,0,0,47.1,0,28,47.1,0,0,0,1,0,0,1,0,0,0,0,0,0,0,0,0,1
1,2,17,0,0,10.5,0,34,10.5,1,0,0,1,0,1,0,0,0,0,0,0,0,0,0,0,1
1,3,33,3,0,15.85,3,99,3.9625,1,0,0,1,0,0,0,1,0,0,0,0,0,0,0,0,1
0,3,16,1,3,34.375,4,48,6.875,0,0,0,1,0,0,1,0,0,0,0,0,0,0,0,0,1
0,3,18,0,0,8.05,0,54,8.05,0,0,0,1,0,0,1,0,0,0,0,0,0,0,0,0,1
1,1,23,3,2,263.0,5,23,43.833333333333336,1,0,0,1,0,1,0,0,0,0,1,0,0,0,0,0,0
0,3,24,0,0,8.05,0,72,8.05,0,0,0,1,0,0,1,0,0,0,0,0,0,0,0,0,1
0,3,29,0,0,8.05,0,87,8.05,0,0,0,1,0,0,1,0,0,0,0,0,0,0,0,0,1
0,3,20,0,0,7.8542,0,60,7.8542,0,0,0,1,0,0,1,0,0,0,0,0,0,0,0,0,1
0,1,46,1,0,61.175,1,46,30.5875,0,0,0,1,0,0,1,0,0,0,0,0,1,0,0,0,0
0,3,26,1,2,20.575,3,78,5.14375,0,0,0,1,0,0,1,0,0,0,0,0,0,0,0,0,1
0,3,59,0,0,7.25,0,177,7.25,0,0,0,1,0,0,1,0,0,0,0,0,0,0,0,0,1
0,3,27,0,0,8.05,0,81,8.05,0,0,0,1,0,0,1,0,0,0,0,0,0,0,0,0,1
0,1,71,0,0,34.6542,0,71,34.6542,0,1,0,0,0,0,1,0,1,0,0,0,0,0,0,0,0
1,1,23,0,1,63.3583,1,23,31.67915,0,1,0,0,0,0,1,0,0,0,0,1,0,0,0,0,0
1,2,34,0,1,23.0,1,68,11.5,1,0,0,1,0,0,0,1,0,0,0,0,0,0,0,0,1
0,2,34,1,0,26.0,1,68,13.0,0,0,0,1,0,0,1,0,0,0,0,0,0,0,0,0,1
0,3,28,0,0,7.8958,0,84,7.8958,1,0,0,1,0,1,0,0,0,0,0,0,0,0,0,0,1
0,3,23,0,0,7.8958,0,69,7.8958,0,0,0,1,0,0,1,0,0,0,0,0,0,0,0,0,1
0,1,21,0,1,77.2875,1,21,38.64375,0,0,0,1,0,0,1,0,0,0,0,1,0,0,0,0,0
0,3,33,0,0,8.6542,0,99,8.6542,0,0,0,1,0,0,1,0,0,0,0,0,0,0,0,0,1
0,3,37,2,0,7.925,2,111,2.6416666666666666,0,0,0,1,0,0,1,0,0,0,0,0,0,0,0,0,1
0,3,28,0,0,7.8958,0,84,7.8958,0,0,0,1,0,0,1,0,0,0,0,0,0,0,0,0,1
1,3,21,0,0,7.65,0,63,7.65,1,0,0,1,0,1,0,0,0,0,0,0,0,0,0,0,1
1,3,35,0,0,7.775,0,105,7.775,0,0,0,1,0,0,1,0,0,0,0,0,0,0,0,0,1
0,3,38,0,0,7.8958,0,114,7.8958,0,0,0,1,0,0,1,0,0,0,0,0,0,0,0,0,1
1,3,40,1,0,24.15,1,120,12.075,1,0,1,0,0,1,0,0,0,0,0,0,0,0,0,0,1
0,1,47,0,0,52.0,0,47,52.0,0,0,0,1,0,0,1,0,0,0,1,0,0,0,0,0,0
0,3,14,1,0,14.4542,1,42,7.2271,1,1,0,0,0,1,0,0,0,0,0,0,0,0,0,0,1
0,3,22,0,0,8.05,0,66,8.05,0,0,0,1,0,0,1,0,0,0,0,0,0,0,0,0,1
0,3,20,1,0,9.825,1,60,4.9125,1,0,0,1,0,1,0,0,0,0,0,0,0,0,0,0,1
0,3,17,0,0,14.4583,0,51,14.4583,1,1,0,0,0,1,0,0,0,0,0,0,0,0,0,0,1
0,3,21,0,0,7.925,0,63,7.925,0,0,0,1,0,0,1,0,0,0,0,0,0,0,0,0,1
0,3,70,0,0,7.75,0,210,7.75,0,0,1,0,0,0,1,0,0,0,0,0,0,0,0,0,1
0,2,29,1,0,21.0,1,58,10.5,0,0,0,1,0,0,1,0,0,0,0,0,0,0,0,0,1
0,1,24,0,1,247.5208,1,24,123.7604,0,1,0,0,0,0,1,0,0,1,0,0,0,0,0,0,0
0,3,2,4,2,31.275,6,6,4.4678571428571425,1,0,0,1,0,1,0,0,0,0,0,0,0,0,0,0,1
0,2,21,2,0,73.5,2,42,24.5,0,0,0,1,0,0,1,0,0,0,0,0,0,0,0,0,1
0,3,40,0,0,8.05,0,120,8.05,0,0,0,1,0,0,1,0,0,0,0,0,0,0,0,0,1
0,2,32,1,0,30.0708,1,64,15.0354,0,1,0,0,0,0,1,0,0,0,0,0,0,0,0,0,1
1,2,32,0,0,13.0,0,64,13.0,1,0,0,1,0,1,0,0,0,0,0,0,1,0,0,0,0
0,1,54,0,1,77.2875,1,54,38.64375,0,0,0,1,0,0,1,0,0,0,0,1,0,0,0,0,0
1,3,12,1,0,11.2417,1,36,5.62085,0,1,0,0,1,0,0,0,0,0,0,0,0,0,0,0,1
0,3,17,0,0,7.75,0,51,7.75,0,0,1,0,0,0,1,0,0,0,0,0,0,0,0,0,1
1,3,24,0,0,7.1417,0,72,7.1417,0,0,0,1,0,0,1,0,0,0,0,0,0,0,0,0,1
1,3,19,1,1,22.3583,2,57,7.452766666666666,1,1,0,0,0,1,0,0,0,0,0,0,0,1,0,0,0
0,3,45,0,0,6.975,0,135,6.975,0,0,0,1,0,0,1,0,0,0,0,0,0,0,0,0,1
0,3,33,0,0,7.8958,0,99,7.8958,0,1,0,0,0,0,1,0,0,0,0,0,0,0,0,0,1
0,3,20,0,0,7.05,0,60,7.05,0,0,0,1,0,0,1,0,0,0,0,0,0,0,0,0,1
0,3,47,1,0,14.5,1,141,7.25,1,0,0,1,0,0,0,1,0,0,0,0,0,0,0,0,1
1,2,29,1,0,26.0,1,58,13.0,1,0,0,1,0,0,0,1,0,0,0,0,0,0,0,0,1
0,2,25,0,0,13.0,0,50,13.0,0,0,0,1,0,0,1,0,0,0,0,0,0,0,0,0,1
0,2,23,0,0,15.0458,0,46,15.0458,0,1,0,0,0,0,1,0,0,0,0,0,0,0,0,0,1
1,1,19,0,2,26.2833,2,19,8.7611,1,0,0,1,0,1,0,0,0,0,0,1,0,0,0,0,0
0,1,37,1,0,53.1,1,37,26.55,0,0,0,1,0,0,1,0,0,0,1,0,0,0,0,0,0
0,3,16,0,0,9.2167,0,48,9.2167,0,0,0,1,0,0,1,0,0,0,0,0,0,0,0,0,1
0,1,24,0,0,79.2,0,24,79.2,0,1,0,0,0,0,1,0,0,1,0,0,0,0,0,0,0
0,3,42,0,2,15.2458,2,126,5.081933333333333,1,1,0,0,0,0,0,1,0,0,0,0,0,0,0,0,1
1,3,22,0,0,7.75,0,66,7.75,1,0,0,1,0,1,0,0,0,0,0,0,0,0,0,0,1
1,3,24,1,0,15.85,1,72,7.925,1,0,0,1,0,0,0,1,0,0,0,0,0,0,0,0,1
0,3,19,0,0,6.75,0,57,6.75,0,0,1,0,0,0,1,0,0,0,0,0,0,0,0,0,1
0,2,18,0,0,11.5,0,36,11.5,0,0,0,1,0,0,1,0,0,0,0,0,0,0,0,0,1
0,2,19,1,1,36.75,2,38,12.25,0,0,0,1,0,0,1,0,0,0,0,0,0,0,0,0,1
1,3,27,0,0,7.7958,0,81,7.7958,0,0,0,1,0,0,1,0,0,0,0,0,0,0,0,0,1
0,3,9,2,2,34.375,4,27,6.875,1,0,0,1,0,1,0,0,0,0,0,0,0,0,0,0,1
0,2,36,0,2,26.0,2,72,8.666666666666666,0,0,0,1,0,0,1,0,0,0,0,0,0,1,0,0,0
0,2,42,0,0,13.0,0,84,13.0,0,0,0,1,0,0,1,0,0,0,0,0,0,0,0,0,1
0,2,51,0,0,12.525,0,102,12.525,0,0,0,1,0,0,1,0,0,0,0,0,0,0,0,0,1
1,1,22,1,0,66.6,1,22,33.3,1,0,0,1,0,0,0,1,0,0,1,0,0,0,0,0,0
0,3,55,0,0,8.05,0,165,8.05,0,0,0,1,0,0,1,0,0,0,0,0,0,0,0,0,1
0,3,40,0,2,14.5,2,120,4.833333333333333,0,0,0,1,0,0,1,0,0,0,0,0,0,0,0,0,1
0,3,29,0,0,7.3125,0,87,7.3125,0,0,0,1,0,0,1,0,0,0,0,0,0,0,0,0,1
0,1,51,0,1,61.3792,1,51,30.6896,0,1,0,0,0,0,1,0,0,0,0,0,0,0,0,0,1
1,3,16,0,0,7.7333,0,48,7.7333,1,0,1,0,0,1,0,0,0,0,0,0,0,0,0,0,1
0,3,30,0,0,8.05,0,90,8.05,0,0,0,1,0,0,1,0,0,0,0,0,0,0,0,0,1
0,3,34,0,0,8.6625,0,102,8.6625,0,0,0,1,0,0,1,0,0,0,0,0,0,0,0,0,1
0,3,22,8,2,69.55,10,66,6.322727272727272,0,0,0,1,1,0,0,0,0,0,0,0,0,0,0,0,1
0,3,44,0,1,16.1,1,132,8.05,0,0,0,1,0,0,1,0,0,0,0,0,0,0,0,0,1
1,2,40,0,0,15.75,0,80,15.75,1,0,0,1,0,0,0,1,0,0,0,0,0,0,0,0,1
0,3,26,0,0,7.775,0,78,7.775,0,0,0,1,0,0,1,0,0,0,0,0,0,0,0,0,1
0,3,17,0,0,8.6625,0,51,8.6625,0,0,0,1,0,0,1,0,0,0,0,0,0,0,0,0,1
0,3,1,4,1,39.6875,5,3,6.614583333333333,0,0,0,1,1,0,0,0,0,0,0,0,0,0,0,0,1
1,3,9,0,2,20.525,2,27,6.841666666666666,0,0,0,1,1,0,0,0,0,0,0,0,0,0,0,0,1
1,1,19,0,1,55.0,1,19,27.5,1,0,0,1,0,0,0,1,0,0,0,0,1,0,0,0,0
0,3,45,1,4,27.9,5,135,4.6499999999999995,1,0,0,1,0,0,0,1,0,0,0,0,0,0,0,0,1
0,1,29,0,0,25.925,0,29,25.925,0,0,0,1,0,0,1,0,0,0,0,0,0,0,0,0,1
0,3,28,0,0,56.4958,0,84,56.4958,0,0,0,1,0,0,1,0,0,0,0,0,0,0,0,0,1
0,1,61,0,0,33.5,0,61,33.5,0,0,0,1,0,0,1,0,0,1,0,0,0,0,0,0,0
0,3,4,4,1,29.125,5,12,4.854166666666667,0,0,1,0,1,0,0,0,0,0,0,0,0,0,0,0,1
1,3,1,1,1,11.1333,2,3,3.7111,1,0,0,1,0,1,0,0,0,0,0,0,0,0,0,0,1
0,3,21,0,0,7.925,0,63,7.925,0,0,0,1,0,0,1,0,0,0,0,0,0,0,0,0,1
0,1,56,0,0,30.6958,0,56,30.6958,0,1,0,0,0,0,1,0,1,0,0,0,0,0,0,0,0
0,3,18,1,1,7.8542,2,54,2.6180666666666665,0,0,0,1,0,0,1,0,0,0,0,0,0,0,0,0,1
0,3,40,3,1,25.4667,4,120,5.0933399999999995,0,0,0,1,1,0,0,0,0,0,0,0,0,0,0,0,1
0,1,50,0,0,28.7125,0,50,28.7125,1,1,0,0,0,1,0,0,0,0,1,0,0,0,0,0,0
0,2,30,0,0,13.0,0,60,13.0,0,0,0,1,0,0,1,0,0,0,0,0,0,0,0,0,1
0,3,36,0,0,0.0,0,108,0.0,0,0,0,1,0,0,1,0,0,0,0,0,0,0,0,0,1
0,3,42,8,2,69.55,10,126,6.322727272727272,1,0,0,1,0,1,0,0,0,0,0,0,0,0,0,0,1
0,2,21,0,0,15.05,0,42,15.05,0,1,0,0,0,0,1,0,0,0,0,0,0,0,0,0,1
0,3,9,4,2,31.3875,6,27,4.483928571428572,0,0,0,1,1,0,0,0,0,0,0,0,0,0,0,0,1
1,2,1,2,1,39.0,3,2,9.75,0,0,0,1,1,0,0,0,0,0,0,0,0,1,0,0,0
1,3,4,0,2,22.025,2,12,7.341666666666666,1,0,0,1,0,1,0,0,0,0,0,0,0,0,0,0,1
0,1,32,0,0,50.0,0,32,50.0,0,0,0,1,0,0,1,0,1,0,0,0,0,0,0,0,0
1,3,27,1,0,15.5,1,81,7.75,1,0,1,0,0,0,0,1,0,0,0,0,0,0,0,0,1
1,1,45,0,0,26.55,0,45,26.55,0,0,0,1,0,0,1,0,0,0,0,0,0,0,0,0,1
0,3,40,1,1,15.5,2,120,5.166666666666667,0,0,1,0,0,0,1,0,0,0,0,0,0,0,0,0,1
0,3,36,0,0,7.8958,0,108,7.8958,0,0,0,1,0,0,1,0,0,0,0,0,0,0,0,0,1
1,2,32,0,0,13.0,0,64,13.0,1,0,0,1,0,0,0,1,0,0,0,0,0,0,0,0,1
0,2,19,0,0,13.0,0,38,13.0,0,0,0,1,0,0,1,0,0,0,0,0,0,0,0,0,1
1,3,19,1,0,7.8542,1,57,3.9271,1,0,0,1,0,1,0,0,0,0,0,0,0,0,0,0,1
1,2,3,1,1,26.0,2,6,8.666666666666666,0,0,0,1,1,0,0,0,0,0,0,0,0,1,0,0,0
1,1,44,0,0,27.7208,0,44,27.7208,1,1,0,0,0,0,0,1,0,1,0,0,0,0,0,0,0
1,1,58,0,0,146.5208,0,58,146.5208,1,1,0,0,0,1,0,0,0,1,0,0,0,0,0,0,0
0,3,34,0,0,7.75,0,102,7.75,0,0,1,0,0,0,1,0,0,0,0,0,0,0,0,0,1
0,3,42,0,1,8.4042,1,126,4.2021,0,0,0,1,0,0,1,0,0,0,0,0,0,0,0,0,1
1,3,23,0,0,7.75,0,69,7.75,1,0,1,0,0,1,0,0,0,0,0,0,0,0,0,0,1
0,2,24,0,0,13.0,0,48,13.0,1,0,0,1,0,0,0,1,0,0,0,0,0,0,0,0,1
0,3,28,0,0,9.5,0,84,9.5,0,0,0,1,0,0,1,0,0,0,0,0,0,0,0,0,1
0,3,25,8,2,69.55,10,75,6.322727272727272,0,0,0,1,0,0,1,0,0,0,0,0,0,0,0,0,1
0,3,34,0,0,6.4958,0,102,6.4958,0,0,0,1,0,0,1,0,0,0,0,0,0,0,0,0,1
0,3,45,0,0,7.225,0,135,7.225,0,1,0,0,0,0,1,0,0,0,0,0,0,0,0,0,1
1,3,18,0,0,8.05,0,54,8.05,0,0,0,1,0,0,1,0,0,0,0,0,0,0,0,0,1
0,3,2,0,1,10.4625,1,6,5.23125,1,0,0,1,0,1,0,0,0,0,0,0,0,0,1,0,0
0,3,32,1,0,15.85,1,96,7.925,0,0,0,1,0,0,1,0,0,0,0,0,0,0,0,0,1
1,3,26,0,0,18.7875,0,78,18.7875,0,1,0,0,0,0,1,0,0,0,0,0,0,0,0,0,1
1,3,16,0,0,7.75,0,48,7.75,1,0,1,0,0,1,0,0,0,0,0,0,0,0,0,0,1
1,1,40,0,0,31.0,0,40,31.0,0,1,0,0,0,0,1,0,1,0,0,0,0,0,0,0,0
0,3,24,0,0,7.05,0,72,7.05,0,0,0,1,0,0,1,0,0,0,0,0,0,0,0,0,1
1,2,35,0,0,21.0,0,70,21.0,1,0,0,1,0,1,0,0,0,0,0,0,0,0,0,0,1
0,3,22,0,0,7.25,0,66,7.25,0,0,0,1,0,0,1,0,0,0,0,0,0,0,0,0,1
0,2,30,0,0,13.0,0,60,13.0,0,0,0,1,0,0,1,0,0,0,0,0,0,0,0,0,1
0,3,17,1,0,7.75,1,51,3.875,0,0,1,0,0,0,1,0,0,0,0,0,0,0,0,0,1
1,1,31,1,0,113.275,1,31,56.6375,1,1,0,0,0,1,0,0,0,0,0,1,0,0,0,0,0
1,3,27,0,0,7.925,0,81,7.925,1,0,0,1,0,1,0,0,0,0,0,0,0,0,0,0,1
0,2,42,1,0,27.0,1,84,13.5,0,0,0,1,0,0,1,0,0,0,0,0,0,0,0,0,1
1,1,32,0,0,76.2917,0,32,76.2917,1,1,0,0,0,1,0,0,0,0,0,1,0,0,0,0,0
0,2,30,0,0,10.5,0,60,10.5,0,0,0,1,0,0,1,0,0,0,0,0,0,0,0,0,1
1,3,16,0,0,8.05,0,48,8.05,0,0,0,1,0,0,1,0,0,0,0,0,0,0,0,0,1
0,2,27,0,0,13.0,0,54,13.0,0,0,0,1,0,0,1,0,0,0,0,0,0,0,0,0,1
0,3,51,0,0,8.05,0,153,8.05,0,0,0,1,0,0,1,0,0,0,0,0,0,0,0,0,1
0,3,40,0,0,7.8958,0,120,7.8958,0,0,0,1,0,0,1,0,0,0,0,0,0,0,0,0,1
1,1,38,1,0,90.0,1,38,45.0,0,0,0,1,0,0,1,0,0,0,1,0,0,0,0,0,0
0,3,22,0,0,9.35,0,66,9.35,0,0,0,1,0,0,1,0,0,0,0,0,0,0,0,0,1
1,2,19,0,0,10.5,0,38,10.5,0,0,0,1,0,0,1,0,0,0,0,0,0,0,0,0,1
0,3,20,0,0,7.25,0,60,7.25,0,0,0,1,0,0,1,0,0,0,0,0,0,0,0,0,1
0,2,18,0,0,13.0,0,36,13.0,0,0,0,1,0,0,1,0,0,0,0,0,0,0,0,0,1
0,3,41,3,1,25.4667,4,123,5.0933399999999995,1,0,0,1,0,1,0,0,0,0,0,0,0,0,0,0,1
1,1,35,1,0,83.475,1,35,41.7375,1,0,0,1,0,0,0,1,0,0,1,0,0,0,0,0,0
0,3,29,0,0,7.775,0,87,7.775,0,0,0,1,0,0,1,0,0,0,0,0,0,0,0,0,1
0,2,59,0,0,13.5,0,118,13.5,0,0,0,1,0,0,1,0,0,0,0,0,0,0,0,0,1
1,3,5,4,2,31.3875,6,15,4.483928571428572,1,0,0,1,0,1,0,0,0,0,0,0,0,0,0,0,1
0,2,24,0,0,10.5,0,48,10.5,0,0,0,1,0,0,1,0,0,0,0,0,0,0,0,0,1
0,3,29,0,0,7.55,0,87,7.55,1,0,0,1,0,1,0,0,0,0,0,0,0,0,0,0,1
0,2,44,1,0,26.0,1,88,13.0,0,0,0,1,0,0,1,0,0,0,0,0,0,0,0,0,1
1,2,8,0,2,26.25,2,16,8.75,1,0,0,1,0,1,0,0,0,0,0,0,0,0,0,0,1
0,2,19,0,0,10.5,0,38,10.5,0,0,0,1,0,0,1,0,0,0,0,0,0,0,0,0,1
0,2,33,0,0,12.275,0,66,12.275,0,0,0,1,0,0,1,0,0,0,0,0,0,0,0,0,1
0,3,19,1,0,14.4542,1,57,7.2271,1,1,0,0,0,1,0,0,0,0,0,0,0,0,0,0,1
1,3,19,1,0,15.5,1,57,7.75,1,0,1,0,0,1,0,0,0,0,0,0,0,0,0,0,1
0,2,29,0,0,10.5,0,58,10.5,0,0,0,1,0,0,1,0,0,0,0,0,0,0,0,0,1
0,3,22,0,0,7.125,0,66,7.125,0,0,0,1,0,0,1,0,0,0,0,0,0,0,0,0,1
0,3,30,0,0,7.225,0,90,7.225,0,1,0,0,0,0,1,0,0,0,0,0,0,0,0,0,1
0,1,44,2,0,90.0,2,44,30.0,0,0,1,0,0,0,0,1,0,0,1,0,0,0,0,0,0
0,3,25,0,0,7.775,0,75,7.775,1,0,0,1,0,1,0,0,0,0,0,0,0,0,0,0,1
1,2,24,0,2,14.5,2,48,4.833333333333333,1,0,0,1,0,0,0,1,0,0,0,0,0,0,0,0,1
1,1,37,1,1,52.5542,2,37,17.518066666666666,0,0,0,1,0,0,1,0,0,0,0,1,0,0,0,0,0
0,2,54,1,0,26.0,1,108,13.0,0,0,0,1,0,0,1,0,0,0,0,0,0,0,0,0,1
0,3,32,0,0,7.25,0,96,7.25,0,0,0,1,0,0,1,0,0,0,0,0,0,0,0,0,1
0,3,29,1,1,10.4625,2,87,3.4875000000000003,1,0,0,1,0,0,0,1,0,0,0,0,0,0,1,0,0
0,1,62,0,0,26.55,0,62,26.55,0,0,0,1,0,0,1,0,0,0,1,0,0,0,0,0,0
0,3,30,1,0,16.1,1,90,8.05,0,0,0,1,0,0,1,0,0,0,0,0,0,0,0,0,1
0,3,41,0,2,20.2125,2,123,6.7375,1,0,0,1,0,0,0,1,0,0,0,0,0,0,0,0,1
1,3,29,0,2,15.2458,2,87,5.081933333333333,1,1,0,0,0,0,0,1,0,0,0,0,0,0,0,0,1
1,1,28,0,0,79.2,0,28,79.2,1,1,0,0,0,0,0,1,0,0,0,0,0,0,0,0,1
1,1,30,0,0,86.5,0,30,86.5,1,0,0,1,0,1,0,0,0,1,0,0,0,0,0,0,0
1,1,35,0,0,512.3292,0,35,512.3292,1,1,0,0,0,1,0,0,0,0,0,0,0,0,0,0,1
1,2,50,0,1,26.0,1,100,13.0,1,0,0,1,0,0,0,1,0,0,0,0,0,0,0,0,1
0,3,24,0,0,7.75,0,72,7.75,0,0,1,0,0,0,1,0,0,0,0,0,0,0,0,0,1
1,3,3,4,2,31.3875,6,9,4.483928571428572,0,0,0,1,1,0,0,0,0,0,0,0,0,0,0,0,1
0,1,52,1,1,79.65,2,52,26.55,0,0,0,1,0,0,1,0,0,0,0,0,1,0,0,0,0
0,1,40,0,0,0.0,0,40,0.0,0,0,0,1,0,0,1,0,0,1,0,0,0,0,0,0,0
0,3,21,0,0,7.75,0,63,7.75,1,0,1,0,0,1,0,0,0,0,0,0,0,0,0,0,1
0,2,36,0,0,10.5,0,72,10.5,0,0,0,1,0,0,1,0,0,0,0,0,0,0,0,0,1
0,3,16,4,1,39.6875,5,48,6.614583333333333,0,0,0,1,0,0,1,0,0,0,0,0,0,0,0,0,1
1,3,25,1,0,7.775,1,75,3.8875,0,0,0,1,0,0,1,0,0,0,0,0,0,0,0,0,1
1,1,58,0,1,153.4625,1,58,76.73125,1,0,0,1,0,0,0,1,0,0,1,0,0,0,0,0,0
1,1,35,0,0,135.6333,0,35,135.6333,1,0,0,1,0,1,0,0,0,0,1,0,0,0,0,0,0
0,1,42,0,0,31.0,0,42,31.0,0,0,0,1,0,0,1,0,0,0,0,0,0,0,0,0,1
1,3,25,0,0,0.0,0,75,0.0,0,0,0,1,0,0,1,0,0,0,0,0,0,0,0,0,1
1,2,41,0,1,19.5,1,82,9.75,1,0,0,1,0,0,0,1,0,0,0,0,0,0,0,0,1
0,1,37,0,1,29.7,1,37,14.85,0,1,0,0,0,0,1,0,0,0,1,0,0,0,0,0,0
1,3,39,0,0,7.75,0,117,7.75,1,0,1,0,0,1,0,0,0,0,0,0,0,0,0,0,1
1,1,63,1,0,77.9583,1,63,38.97915,1,0,0,1,0,1,0,0,0,0,0,1,0,0,0,0,0
0,3,45,0,0,7.75,0,135,7.75,1,0,0,1,0,1,0,0,0,0,0,0,0,0,0,0,1
0,2,41,0,0,0.0,0,82,0.0,0,0,0,1,0,0,1,0,0,0,0,0,0,0,0,0,1
0,3,7,4,1,29.125,5,21,4.854166666666667,0,0,1,0,1,0,0,0,0,0,0,0,0,0,0,0,1
1,3,35,1,1,20.25,2,105,6.75,1,0,0,1,0,0,0,1,0,0,0,0,0,0,0,0,1
0,3,65,0,0,7.75,0,195,7.75,0,0,1,0,0,0,1,0,0,0,0,0,0,0,0,0,1
0,3,28,0,0,7.8542,0,84,7.8542,0,0,0,1,0,0,1,0,0,0,0,0,0,0,0,0,1
0,3,16,0,0,9.5,0,48,9.5,0,0,0,1,0,0,1,0,0,0,0,0,0,0,0,0,1
1,3,19,0,0,8.05,0,57,8.05,0,0,0,1,0,0,1,0,0,0,0,0,0,0,0,0,1
0,1,41,0,0,26.0,0,41,26.0,0,0,0,1,0,0,1,0,1,0,0,0,0,0,0,0,0
0,3,33,0,0,8.6625,0,99,8.6625,0,1,0,0,0,0,1,0,0,0,0,0,0,0,0,0,1
1,3,30,0,0,9.5,0,90,9.5,0,0,0,1,0,0,1,0,0,0,0,0,0,0,0,0,1
0,3,22,0,0,7.8958,0,66,7.8958,0,0,0,1,0,0,1,0,0,0,0,0,0,0,0,0,1
1,2,42,0,0,13.0,0,84,13.0,0,0,0,1,0,0,1,0,0,0,0,0,0,0,0,0,1
1,3,22,0,0,7.75,0,66,7.75,1,0,1,0,0,1,0,0,0,0,0,0,0,0,0,0,1
1,1,26,0,0,78.85,0,26,78.85,1,0,0,1,0,1,0,0,0,0,0,0,0,0,0,0,1
1,1,19,1,0,91.0792,1,19,45.5396,1,1,0,0,0,0,0,1,0,1,0,0,0,0,0,0,0
0,2,36,0,0,12.875,0,72,12.875,0,1,0,0,0,0,1,0,0,0,0,1,0,0,0,0,0
0,3,24,0,0,8.85,0,72,8.85,1,0,0,1,0,1,0,0,0,0,0,0,0,0,0,0,1
0,3,24,0,0,7.8958,0,72,7.8958,0,0,0,1,0,0,1,0,0,0,0,0,0,0,0,0,1
0,1,38,0,0,27.7208,0,38,27.7208,0,1,0,0,0,0,1,0,0,0,0,0,0,0,0,0,1
0,3,23,0,0,7.2292,0,69,7.2292,0,1,0,0,0,0,1,0,0,0,0,0,0,0,0,0,1
0,1,2,1,2,151.55,3,2,37.8875,1,0,0,1,0,1,0,0,0,0,1,0,0,0,0,0,0
1,1,21,0,0,30.5,0,21,30.5,0,0,0,1,0,0,1,0,0,0,1,0,0,0,0,0,0
1,1,50,0,1,247.5208,1,50,123.7604,1,1,0,0,0,0,0,1,0,1,0,0,0,0,0,0,0
1,3,37,0,0,7.75,0,111,7.75,1,0,1,0,0,1,0,0,0,0,0,0,0,0,0,0,1
1,3,23,2,0,23.25,2,69,7.75,0,0,1,0,0,0,1,0,0,0,0,0,0,0,0,0,1
0,3,19,0,0,0.0,0,57,0.0,0,0,0,1,0,0,1,0,0,0,0,0,0,0,0,0,1
1,2,15,0,0,12.35,0,30,12.35,1,0,1,0,0,1,0,0,0,0,0,0,1,0,0,0,0
0,3,17,0,0,8.05,0,51,8.05,0,0,0,1,0,0,1,0,0,0,0,0,0,0,0,0,1
1,1,0,1,2,151.55,3,0,37.8875,0,0,0,1,1,0,0,0,0,0,1,0,0,0,0,0,0
1,1,33,0,0,110.8833,0,33,110.8833,1,1,0,0,0,1,0,0,0,0,0,0,0,0,0,0,1
1,1,17,1,0,108.9,1,17,54.45,1,1,0,0,0,0,0,1,0,0,1,0,0,0,0,0,0
0,2,30,1,0,24.0,1,60,12.0,0,1,0,0,0,0,1,0,0,0,0,0,0,0,0,0,1
1,1,30,0,0,56.9292,0,30,56.9292,1,1,0,0,0,1,0,0,0,0,0,0,1,0,0,0,0
1,1,24,0,0,83.1583,0,24,83.1583,1,1,0,0,0,1,0,0,0,0,1,0,0,0,0,0,0
1,1,18,2,2,262.375,4,18,52.475,1,1,0,0,0,1,0,0,0,1,0,0,0,0,0,0,0
0,2,26,1,1,26.0,2,52,8.666666666666666,1,0,0,1,0,0,0,1,0,0,0,0,0,0,0,0,1
0,3,28,0,0,7.8958,0,84,7.8958,0,0,0,1,0,0,1,0,0,0,0,0,0,0,0,0,1
0,2,43,1,1,26.25,2,86,8.75,0,0,0,1,0,0,1,0,0,0,0,0,0,0,0,0,1
1,3,26,0,0,7.8542,0,78,7.8542,1,0,0,1,0,1,0,0,0,0,0,0,0,0,0,0,1
1,2,24,1,0,26.0,1,48,13.0,1,0,0,1,0,0,0,1,0,0,0,0,0,0,0,0,1
0,2,54,0,0,14.0,0,108,14.0,0,0,0,1,0,0,0,1,0,0,0,0,0,0,0,0,1
1,1,31,0,2,164.8667,2,31,54.95556666666667,1,0,0,1,0,1,0,0,0,0,1,0,0,0,0,0,0
1,1,40,1,1,134.5,2,40,44.833333333333336,1,1,0,0,0,0,0,1,0,0,0,0,1,0,0,0,0
0,3,22,0,0,7.25,0,66,7.25,0,0,0,1,0,0,1,0,0,0,0,0,0,0,0,0,1
0,3,27,0,0,7.8958,0,81,7.8958,0,0,0,1,0,0,1,0,0,0,0,0,0,0,0,0,1
1,2,30,0,0,12.35,0,60,12.35,1,0,1,0,0,1,0,0,0,0,0,0,0,0,0,0,1
1,2,22,1,1,29.0,2,44,9.666666666666666,1,0,0,1,0,0,0,1,0,0,0,0,0,0,0,0,1
0,3,24,8,2,69.55,10,72,6.322727272727272,0,0,0,1,0,0,1,0,0,0,0,0,0,0,0,0,1
1,1,36,0,0,135.6333,0,36,135.6333,1,1,0,0,0,1,0,0,0,0,1,0,0,0,0,0,0
0,3,61,0,0,6.2375,0,183,6.2375,0,0,0,1,0,0,1,0,0,0,0,0,0,0,0,0,1
1,2,36,0,0,13.0,0,72,13.0,1,0,0,1,0,0,0,1,0,0,0,1,0,0,0,0,0
1,3,31,1,1,20.525,2,93,6.841666666666666,1,0,0,1,0,0,0,1,0,0,0,0,0,0,0,0,1
1,1,16,0,1,57.9792,1,16,28.9896,1,1,0,0,0,1,0,0,0,1,0,0,0,0,0,0,0
1,3,15,2,0,23.25,2,45,7.75,1,0,1,0,0,1,0,0,0,0,0,0,0,0,0,0,1
0,1,45,0,0,28.5,0,45,28.5,0,0,0,1,0,0,1,0,0,0,1,0,0,0,0,0,0
0,1,38,0,1,153.4625,1,38,76.73125,0,0,0,1,0,0,1,0,0,0,1,0,0,0,0,0,0
0,3,16,2,0,18.0,2,48,6.0,0,0,0,1,0,0,1,0,0,0,0,0,0,0,0,0,1
1,1,24,1,0,133.65,1,24,66.825,1,0,0,1,0,0,0,1,0,0,0,0,0,0,0,0,1
0,3,40,0,0,7.8958,0,120,7.8958,0,0,0,1,0,0,1,0,0,0,0,0,0,0,0,0,1
0,1,29,1,0,66.6,1,29,33.3,0,0,0,1,0,0,1,0,0,0,1,0,0,0,0,0,0
1,1,41,0,0,134.5,0,41,134.5,1,1,0,0,0,1,0,0,0,0,0,0,1,0,0,0,0
1,3,45,0,0,8.05,0,135,8.05,0,0,0,1,0,0,1,0,0,0,0,0,0,0,0,0,1
0,1,45,0,0,35.5,0,45,35.5,0,0,0,1,0,0,1,0,0,0,0,0,0,0,0,1,0
1,2,2,1,1,26.0,2,4,8.666666666666666,0,0,0,1,1,0,0,0,0,0,0,0,0,1,0,0,0
1,1,24,3,2,263.0,5,24,43.833333333333336,1,0,0,1,0,1,0,0,0,0,1,0,0,0,0,0,0
0,2,28,0,0,13.0,0,56,13.0,0,0,0,1,0,0,1,0,0,0,0,0,0,0,0,0,1
0,2,25,0,0,13.0,0,50,13.0,0,0,0,1,0,0,1,0,0,0,0,0,0,0,0,0,1
0,2,36,0,0,13.0,0,72,13.0,0,0,0,1,0,0,1,0,0,0,0,0,0,0,0,0,1
1,2,24,0,0,13.0,0,48,13.0,1,0,0,1,0,1,0,0,0,0,0,0,0,1,0,0,0
1,2,40,0,0,13.0,0,80,13.0,1,0,0,1,0,1,0,0,0,0,0,0,0,0,0,0,1
1,3,29,1,0,16.1,1,87,8.05,1,0,0,1,0,0,0,1,0,0,0,0,0,0,0,0,1
1,3,3,1,1,15.9,2,9,5.3,0,0,0,1,1,0,0,0,0,0,0,0,0,0,0,0,1
0,3,42,0,0,8.6625,0,126,8.6625,0,0,0,1,0,0,1,0,0,0,0,0,0,0,0,0,1
0,3,23,0,0,9.225,0,69,9.225,0,0,0,1,0,0,1,0,0,0,0,0,0,0,0,0,1
0,1,39,0,0,35.0,0,39,35.0,0,0,0,1,0,0,1,0,0,0,1,0,0,0,0,0,0
0,3,15,1,1,7.2292,2,45,2.409733333333333,0,1,0,0,0,0,1,0,0,0,0,0,0,0,0,0,1
0,3,25,1,0,17.8,1,75,8.9,0,0,0,1,0,0,1,0,0,0,0,0,0,0,0,0,1
0,3,28,0,0,7.225,0,84,7.225,0,1,0,0,0,0,1,0,0,0,0,0,0,0,0,0,1
0,3,28,0,0,9.5,0,84,9.5,0,0,0,1,0,0,1,0,0,0,0,0,0,0,0,0,1
1,1,22,0,1,55.0,1,22,27.5,1,0,0,1,0,1,0,0,0,0,0,0,1,0,0,0,0
0,2,38,0,0,13.0,0,76,13.0,1,0,0,1,0,1,0,0,0,0,0,0,0,0,0,0,1
1,3,25,0,0,7.8792,0,75,7.8792,1,0,1,0,0,1,0,0,0,0,0,0,0,0,0,0,1
1,3,33,0,0,7.8792,0,99,7.8792,1,0,1,0,0,1,0,0,0,0,0,0,0,0,0,0,1
0,3,40,1,4,27.9,5,120,4.6499999999999995,0,0,0,1,0,0,1,0,0,0,0,0,0,0,0,0,1
0,2,29,1,0,27.7208,1,58,13.8604,0,1,0,0,0,0,1,0,0,0,0,0,0,0,0,0,1
0,3,45,0,1,14.4542,1,135,7.2271,1,1,0,0,0,0,0,1,0,0,0,0,0,0,0,0,1
0,3,35,0,0,7.05,0,105,7.05,0,0,0,1,0,0,1,0,0,0,0,0,0,0,0,0,1
0,3,38,1,0,15.5,1,114,7.75,0,0,1,0,0,0,1,0,0,0,0,0,0,0,0,0,1
0,3,30,0,0,7.25,0,90,7.25,0,0,0,1,0,0,1,0,0,0,0,0,0,0,0,0,1
1,1,60,1,0,75.25,1,60,37.625,1,1,0,0,0,0,0,1,0,0,0,1,0,0,0,0,0
1,3,42,0,0,7.2292,0,126,7.2292,1,1,0,0,0,0,0,1,0,0,0,0,0,0,0,0,1
1,3,31,0,0,7.75,0,93,7.75,1,0,1,0,0,1,0,0,0,0,0,0,0,0,0,0,1
1,1,24,0,0,69.3,0,24,69.3,1,1,0,0,0,0,0,1,0,1,0,0,0,0,0,0,0
1,1,25,1,0,55.4417,1,25,27.72085,0,1,0,0,0,0,1,0,0,0,0,0,1,0,0,0,0
0,3,18,1,0,6.4958,1,54,3.2479,0,0,0,1,0,0,1,0,0,0,0,0,0,0,0,0,1
0,3,19,0,0,8.05,0,57,8.05,0,0,0,1,0,0,1,0,0,0,0,0,0,0,0,0,1
0,1,22,0,0,135.6333,0,22,135.6333,0,1,0,0,0,0,1,0,0,0,0,0,0,0,0,0,1
0,3,3,3,1,21.075,4,9,4.215,1,0,0,1,0,1,0,0,0,0,0,0,0,0,0,0,1
1,1,36,1,0,82.1708,1,36,41.0854,1,1,0,0,0,0,0,1,0,0,0,0,0,0,0,0,1
1,3,22,0,0,7.25,0,66,7.25,1,0,0,1,0,1,0,0,0,0,0,0,0,0,0,0,1
0,1,27,0,2,211.5,2,27,70.5,0,1,0,0,0,0,1,0,0,0,1,0,0,0,0,0,0
0,3,20,0,0,4.0125,0,60,4.0125,0,1,0,0,0,0,1,0,0,0,0,0,0,0,0,0,1
0,3,19,0,0,7.775,0,57,7.775,0,0,0,1,0,0,1,0,0,0,0,0,0,0,0,0,1
1,1,42,0,0,227.525,0,42,227.525,1,1,0,0,0,1,0,0,0,0,0,0,0,0,0,0,1
1,3,1,0,2,15.7417,2,3,5.247233333333333,1,1,0,0,0,1,0,0,0,0,0,0,0,0,0,0,1
0,3,32,0,0,7.925,0,96,7.925,0,0,0,1,0,0,1,0,0,0,0,0,0,0,0,0,1
1,1,35,1,0,52.0,1,35,26.0,1,0,0,1,0,0,0,1,0,0,0,0,0,0,0,0,1
0,3,19,0,0,7.8958,0,57,7.8958,0,0,0,1,0,0,1,0,0,0,0,0,0,0,0,0,1
0,2,18,0,0,73.5,0,36,73.5,0,0,0,1,0,0,1,0,0,0,0,0,0,0,0,0,1
0,3,1,5,2,46.9,7,3,5.8625,0,0,0,1,1,0,0,0,0,0,0,0,0,0,0,0,1
1,2,36,0,0,13.0,0,72,13.0,1,0,0,1,0,1,0,0,0,0,0,0,0,0,0,0,1
0,3,17,0,0,7.7292,0,51,7.7292,0,0,1,0,0,0,1,0,0,0,0,0,0,0,0,0,1
1,2,17,0,0,12.0,0,34,12.0,1,1,0,0,0,1,0,0,0,0,0,0,0,0,0,0,1
1,1,36,1,2,120.0,3,36,30.0,0,0,0,1,0,0,1,0,0,1,0,0,0,0,0,0,0
1,3,21,0,0,7.7958,0,63,7.7958,0,0,0,1,0,0,1,0,0,0,0,0,0,0,0,0,1
0,3,28,2,0,7.925,2,84,2.6416666666666666,0,0,0,1,0,0,1,0,0,0,0,0,0,0,0,0,1
1,1,23,1,0,113.275,1,23,56.6375,1,1,0,0,0,1,0,0,0,0,0,1,0,0,0,0,0
1,3,24,0,2,16.7,2,72,5.566666666666666,1,0,0,1,0,0,0,1,0,0,0,0,0,0,1,0,0
0,3,22,0,0,7.7958,0,66,7.7958,0,0,0,1,0,0,1,0,0,0,0,0,0,0,0,0,1
0,3,31,0,0,7.8542,0,93,7.8542,1,0,0,1,0,1,0,0,0,0,0,0,0,0,0,0,1
0,2,46,0,0,26.0,0,92,26.0,0,0,0,1,0,0,1,0,0,0,0,0,0,0,0,0,1
0,2,23,0,0,10.5,0,46,10.5,0,0,0,1,0,0,0,1,0,0,0,0,0,0,0,0,1
1,2,28,0,0,12.65,0,56,12.65,1,0,0,1,0,0,0,1,0,0,0,0,0,0,0,0,1
1,3,39,0,0,7.925,0,117,7.925,0,0,0,1,0,0,1,0,0,0,0,0,0,0,0,0,1
0,3,26,0,0,8.05,0,78,8.05,0,0,0,1,0,0,1,0,0,0,0,0,0,0,0,0,1
0,3,21,1,0,9.825,1,63,4.9125,1,0,0,1,0,1,0,0,0,0,0,0,0,0,0,0,1
0,3,28,1,0,15.85,1,84,7.925,0,0,0,1,0,0,1,0,0,0,0,0,0,0,0,0,1
0,3,20,0,0,8.6625,0,60,8.6625,1,0,0,1,0,1,0,0,0,0,0,0,0,0,0,0,1
0,2,34,1,0,21.0,1,68,10.5,0,0,0,1,0,0,1,0,0,0,0,0,0,0,0,0,1
0,3,51,0,0,7.75,0,153,7.75,0,0,0,1,0,0,1,0,0,0,0,0,0,0,0,0,1
1,2,3,1,1,18.75,2,6,6.25,0,0,0,1,1,0,0,0,0,0,0,0,0,0,0,0,1
0,3,21,0,0,7.775,0,63,7.775,0,0,0,1,0,0,1,0,0,0,0,0,0,0,0,0,1
0,3,38,3,1,25.4667,4,114,5.0933399999999995,1,0,0,1,0,1,0,0,0,0,0,0,0,0,0,0,1
0,3,18,0,0,7.8958,0,54,7.8958,0,0,0,1,0,0,1,0,0,0,0,0,0,0,0,0,1
0,3,35,0,0,6.8583,0,105,6.8583,0,0,1,0,0,0,1,0,0,0,0,0,0,0,0,0,1
1,1,33,1,0,90.0,1,33,45.0,1,0,1,0,0,1,0,0,0,0,1,0,0,0,0,0,0
0,2,29,0,0,0.0,0,58,0.0,0,0,0,1,0,0,1,0,0,0,0,0,0,0,0,0,1
1,3,44,0,0,7.925,0,132,7.925,0,0,0,1,0,0,1,0,0,0,0,0,0,0,0,0,1
0,3,37,0,0,8.05,0,111,8.05,1,0,0,1,0,0,0,1,0,0,0,0,0,0,0,0,1
1,2,34,1,1,32.5,2,68,10.833333333333334,1,0,0,1,0,0,0,1,0,0,0,0,0,0,0,0,1
1,2,18,0,2,13.0,2,36,4.333333333333333,1,0,0,1,0,1,0,0,0,0,0,0,0,0,0,0,1
0,2,30,0,0,13.0,0,60,13.0,0,0,0,1,0,0,1,0,0,0,0,0,0,0,0,0,1
0,3,10,0,2,24.15,2,30,8.049999999999999,1,0,0,1,0,1,0,0,0,0,0,0,0,0,0,0,1
0,3,15,0,0,7.8958,0,45,7.8958,0,1,0,0,0,0,1,0,0,0,0,0,0,0,0,0,1
0,3,21,0,0,7.7333,0,63,7.7333,0,0,1,0,0,0,1,0,0,0,0,0,0,0,0,0,1
0,3,29,0,0,7.875,0,87,7.875,0,0,0,1,0,0,1,0,0,0,0,0,0,0,0,0,1
0,3,28,1,1,14.4,2,84,4.8,1,0,0,1,0,0,0,1,0,0,0,0,0,0,0,0,1
0,3,18,1,1,20.2125,2,54,6.7375,0,0,0,1,0,0,1,0,0,0,0,0,0,0,0,0,1
0,3,16,0,0,7.25,0,48,7.25,0,0,0,1,0,0,1,0,0,0,0,0,0,0,0,0,1
1,2,28,1,0,26.0,1,56,13.0,1,0,0,1,0,0,0,1,0,0,0,0,0,0,0,0,1
1,2,19,0,0,26.0,0,38,26.0,1,0,0,1,0,0,0,1,0,0,0,0,0,0,0,0,1
0,3,28,0,0,7.75,0,84,7.75,0,0,1,0,0,0,1,0,0,0,0,0,0,0,0,0,1
1,3,32,0,0,8.05,0,96,8.05,0,0,0,1,0,0,1,0,0,0,0,0,1,0,0,0,0
1,1,28,0,0,26.55,0,28,26.55,0,0,0,1,0,0,1,0,0,0,1,0,0,0,0,0,0
1,3,22,1,0,16.1,1,66,8.05,1,0,0,1,0,0,0,1,0,0,0,0,0,0,0,0,1
1,2,42,1,0,26.0,1,84,13.0,1,0,0,1,0,0,0,1,0,0,0,0,0,0,0,0,1
0,3,17,0,0,7.125,0,51,7.125,0,0,0,1,0,0,1,0,0,0,0,0,0,0,0,0,1
0,1,50,1,0,55.9,1,50,27.95,0,0,0,1,0,0,1,0,0,0,0,0,1,0,0,0,0
1,1,14,1,2,120.0,3,14,30.0,1,0,0,1,0,1,0,0,0,1,0,0,0,0,0,0,0
0,3,21,2,2,34.375,4,63,6.875,1,0,0,1,0,1,0,0,0,0,0,0,0,0,0,0,1
1,2,24,2,3,18.75,5,48,3.125,1,0,0,1,0,0,0,1,0,0,0,0,0,0,0,0,1
0,1,64,1,4,263.0,5,64,43.833333333333336,0,0,0,1,0,0,1,0,0,0,1,0,0,0,0,0,0
0,2,31,0,0,10.5,0,62,10.5,0,0,0,1,0,0,1,0,0,0,0,0,0,0,0,0,1
1,2,45,1,1,26.25,2,90,8.75,1,0,0,1,0,0,0,1,0,0,0,0,0,0,0,0,1
0,3,20,0,0,9.5,0,60,9.5,0,0,0,1,0,0,1,0,0,0,0,0,0,0,0,0,1
0,3,25,1,0,7.775,1,75,3.8875,0,0,0,1,0,0,1,0,0,0,0,0,0,0,0,0,1
1,2,28,0,0,13.0,0,56,13.0,1,0,0,1,0,1,0,0,0,0,0,0,0,0,0,0,1
1,3,34,0,0,8.1125,0,102,8.1125,0,0,0,1,0,0,1,0,0,0,0,0,0,0,0,0,1
1,1,4,0,2,81.8583,2,4,27.2861,0,0,0,1,1,0,0,0,1,0,0,0,0,0,0,0,0
1,2,13,0,1,19.5,1,26,9.75,1,0,0,1,0,1,0,0,0,0,0,0,0,0,0,0,1
1,1,34,0,0,26.55,0,34,26.55,0,0,0,1,0,0,1,0,0,0,0,0,0,0,0,0,1
1,3,5,2,1,19.2583,3,15,4.814575,1,1,0,0,0,1,0,0,0,0,0,0,0,0,0,0,1
1,1,52,0,0,30.5,0,52,30.5,0,0,0,1,0,0,1,0,0,0,1,0,0,0,0,0,0
0,2,36,1,2,27.75,3,72,6.9375,0,0,0,1,0,0,1,0,0,0,0,0,0,0,0,0,1
0,3,21,1,0,19.9667,1,63,9.98335,0,0,0,1,0,0,1,0,0,0,0,0,0,0,0,0,1
0,1,30,0,0,27.75,0,30,27.75,0,1,0,0,0,0,1,0,0,0,1,0,0,0,0,0,0
1,1,49,1,0,89.1042,1,49,44.5521,0,1,0,0,0,0,1,0,0,0,1,0,0,0,0,0,0
0,3,22,0,0,8.05,0,66,8.05,0,0,0,1,0,0,1,0,0,0,0,0,0,0,0,0,1
1,3,29,0,0,7.8958,0,87,7.8958,0,1,0,0,0,0,1,0,0,0,0,0,0,0,0,0,1
0,1,65,0,0,26.55,0,65,26.55,0,0,0,1,0,0,1,0,0,0,0,0,1,0,0,0,0
1,1,15,1,0,51.8625,1,15,25.93125,1,0,0,1,0,0,0,1,0,0,0,1,0,0,0,0,0
1,2,50,0,0,10.5,0,100,10.5,1,0,0,1,0,1,0,0,0,0,0,0,0,0,0,0,1
0,3,16,0,0,7.75,0,48,7.75,0,0,1,0,0,0,1,0,0,0,0,0,0,0,0,0,1
1,1,48,0,0,26.55,0,48,26.55,0,0,0,1,0,0,1,0,0,0,0,0,1,0,0,0,0
0,3,34,0,0,8.05,0,102,8.05,0,0,0,1,0,0,1,0,0,0,0,0,0,0,0,0,1
0,1,47,0,0,38.5,0,47,38.5,0,0,0,1,0,0,1,0,0,0,0,0,1,0,0,0,0
0,2,48,0,0,13.0,0,96,13.0,0,0,0,1,0,0,1,0,0,0,0,0,0,0,0,0,1
0,3,16,0,0,8.05,0,48,8.05,0,0,0,1,0,0,1,0,0,0,0,0,0,0,0,0,1
0,3,38,0,0,7.05,0,114,7.05,0,0,0,1,0,0,1,0,0,0,0,0,0,0,0,0,1
0,2,35,0,0,0.0,0,70,0.0,0,0,0,1,0,0,1,0,0,0,0,0,0,0,0,0,1
0,1,56,0,0,26.55,0,56,26.55,0,0,0,1,0,0,1,0,0,0,0,0,0,0,0,0,1
0,3,23,0,0,7.725,0,69,7.725,0,0,1,0,0,0,1,0,0,0,0,0,0,0,0,0,1
1,3,0,2,1,19.2583,3,0,4.814575,1,1,0,0,0,1,0,0,0,0,0,0,0,0,0,0,1
0,3,17,0,0,7.25,0,51,7.25,0,0,0,1,0,0,1,0,0,0,0,0,0,0,0,0,1
0,3,38,0,0,8.6625,0,114,8.6625,0,0,0,1,0,0,1,0,0,0,0,0,0,0,0,0,1
1,2,33,1,2,27.75,3,66,6.9375,1,0,0,1,0,0,0,1,0,0,0,0,0,0,0,0,1
1,2,23,0,0,13.7917,0,46,13.7917,1,1,0,0,0,0,0,1,0,0,0,1,0,0,0,0,0
0,3,22,0,0,9.8375,0,66,9.8375,1,0,0,1,0,1,0,0,0,0,0,0,0,0,0,0,1
0,1,23,0,0,52.0,0,23,52.0,0,0,0,1,0,0,1,0,1,0,0,0,0,0,0,0,0
0,2,34,1,0,21.0,1,68,10.5,0,0,0,1,0,0,1,0,0,0,0,0,0,0,0,0,1
0,3,29,1,0,7.0458,1,87,3.5229,0,0,0,1,0,0,1,0,0,0,0,0,0,0,0,0,1
0,3,22,0,0,7.5208,0,66,7.5208,0,0,0,1,0,0,1,0,0,0,0,0,0,0,0,0,1
1,3,2,0,1,12.2875,1,6,6.14375,1,0,0,1,0,1,0,0,0,0,0,0,0,0,0,0,1
0,3,9,5,2,46.9,7,27,5.8625,0,0,0,1,1,0,0,0,0,0,0,0,0,0,0,0,1
0,2,21,0,0,0.0,0,42,0.0,0,0,0,1,0,0,1,0,0,0,0,0,0,0,0,0,1
0,3,50,0,0,8.05,0,150,8.05,0,0,0,1,0,0,1,0,0,0,0,0,0,0,0,0,1
1,3,63,0,0,9.5875,0,189,9.5875,1,0,0,1,0,0,0,1,0,0,0,0,0,0,0,0,1
1,1,25,1,0,91.0792,1,25,45.5396,0,1,0,0,0,0,1,0,0,1,0,0,0,0,0,0,0
0,3,33,3,1,25.4667,4,99,5.0933399999999995,1,0,0,1,0,1,0,0,0,0,0,0,0,0,0,0,1
1,1,35,1,0,90.0,1,35,45.0,1,0,0,1,0,0,0,1,0,0,1,0,0,0,0,0,0
0,1,58,0,0,29.7,0,58,29.7,0,1,0,0,0,0,1,0,0,1,0,0,0,0,0,0,0
0,3,30,0,0,8.05,0,90,8.05,0,0,0,1,0,0,1,0,0,0,0,0,0,0,0,0,1
1,3,9,1,1,15.9,2,27,5.3,0,0,0,1,1,0,0,0,0,0,0,0,0,0,0,0,1
0,3,31,1,0,19.9667,1,93,9.98335,0,0,0,1,0,0,1,0,0,0,0,0,0,0,0,0,1
0,3,21,0,0,7.25,0,63,7.25,0,0,0,1,0,0,1,0,0,0,0,0,0,0,0,0,1
0,1,55,0,0,30.5,0,55,30.5,0,0,0,1,0,0,1,0,0,0,1,0,0,0,0,0,0
0,1,71,0,0,49.5042,0,71,49.5042,0,1,0,0,0,0,1,0,0,0,0,0,0,0,0,0,1
0,3,21,0,0,8.05,0,63,8.05,0,0,0,1,0,0,1,0,0,0,0,0,0,0,0,0,1
0,3,24,0,0,14.4583,0,72,14.4583,0,1,0,0,0,0,1,0,0,0,0,0,0,0,0,0,1
1,1,54,1,0,78.2667,1,54,39.13335,1,1,0,0,0,1,0,0,0,0,0,1,0,0,0,0,0
0,3,42,0,0,15.1,0,126,15.1,0,0,0,1,0,0,1,0,0,0,0,0,0,0,0,0,1
0,1,25,1,2,151.55,3,25,37.8875,1,0,0,1,0,0,0,1,0,0,1,0,0,0,0,0,0
0,3,24,0,0,7.7958,0,72,7.7958,0,0,0,1,0,0,1,0,0,0,0,0,0,0,0,0,1
0,3,17,0,0,8.6625,0,51,8.6625,0,0,0,1,0,0,1,0,0,0,0,0,0,0,0,0,1
0,3,21,0,0,7.75,0,63,7.75,1,0,1,0,0,1,0,0,0,0,0,0,0,0,0,0,1
0,3,24,0,0,7.6292,0,72,7.6292,1,0,1,0,0,1,0,0,0,0,0,0,0,0,0,0,1
0,3,37,0,0,9.5875,0,111,9.5875,1,0,0,1,0,1,0,0,0,0,0,0,0,0,0,0,1
1,1,16,0,0,86.5,0,16,86.5,1,0,0,1,0,1,0,0,0,1,0,0,0,0,0,0,0
0,1,18,1,0,108.9,1,18,54.45,0,1,0,0,0,0,1,0,0,0,1,0,0,0,0,0,0
1,2,33,0,2,26.0,2,66,8.666666666666666,1,0,0,1,0,0,0,1,0,0,0,0,0,0,0,0,1
1,1,20,0,0,26.55,0,20,26.55,0,0,0,1,0,0,1,0,0,0,0,0,0,0,0,0,1
0,3,28,0,0,22.525,0,84,22.525,0,0,0,1,0,0,1,0,0,0,0,0,0,0,0,0,1
1,3,26,0,0,56.4958,0,78,56.4958,0,0,0,1,0,0,1,0,0,0,0,0,0,0,0,0,1
1,3,29,0,0,7.75,0,87,7.75,0,0,1,0,0,0,1,0,0,0,0,0,0,0,0,0,1
0,3,33,0,0,8.05,0,99,8.05,0,0,0,1,0,0,1,0,0,0,0,0,0,0,0,0,1
1,1,36,0,0,26.2875,0,36,26.2875,0,0,0,1,0,0,1,0,0,0,0,0,1,0,0,0,0
1,1,54,1,0,59.4,1,54,29.7,1,1,0,0,0,0,0,1,0,0,0,0,0,0,0,0,1
0,3,24,0,0,7.4958,0,72,7.4958,0,0,0,1,0,0,1,0,0,0,0,0,0,0,0,0,1
0,1,47,0,0,34.0208,0,47,34.0208,0,0,0,1,0,0,1,0,0,0,0,1,0,0,0,0,0
1,2,34,0,0,10.5,0,68,10.5,1,0,0,1,0,0,0,1,0,0,0,0,0,1,0,0,0
0,3,27,0,0,24.15,0,81,24.15,0,0,1,0,0,0,1,0,0,0,0,0,0,0,0,0,1
1,2,36,1,0,26.0,1,72,13.0,1,0,0,1,0,0,0,1,0,0,0,0,0,0,0,0,1
0,3,32,0,0,7.8958,0,96,7.8958,0,0,0,1,0,0,1,0,0,0,0,0,0,0,0,0,1
1,1,30,0,0,93.5,0,30,93.5,1,0,0,1,0,1,0,0,0,1,0,0,0,0,0,0,0
0,3,22,0,0,7.8958,0,66,7.8958,0,0,0,1,0,0,1,0,0,0,0,0,0,0,0,0,1
0,3,29,0,0,7.225,0,87,7.225,0,1,0,0,0,0,1,0,0,0,0,0,0,0,0,0,1
1,1,44,0,1,57.9792,1,44,28.9896,1,1,0,0,0,0,0,1,0,1,0,0,0,0,0,0,0
0,3,16,0,0,7.2292,0,48,7.2292,0,1,0,0,0,0,1,0,0,0,0,0,0,0,0,0,1
0,3,40,0,0,7.75,0,120,7.75,0,0,1,0,0,0,1,0,0,0,0,0,0,0,0,0,1
1,2,50,0,0,10.5,0,100,10.5,1,0,0,1,0,1,0,0,0,0,0,0,0,0,0,0,1
0,1,33,0,0,221.7792,0,33,221.7792,0,0,0,1,0,0,1,0,0,0,1,0,0,0,0,0,0
0,3,39,0,0,7.925,0,117,7.925,0,0,0,1,0,0,1,0,0,0,0,0,0,0,0,0,1
0,2,23,2,1,11.5,3,46,2.875,0,0,0,1,0,0,1,0,0,0,0,0,0,0,0,0,1
1,2,2,1,1,26.0,2,4,8.666666666666666,1,0,0,1,0,1,0,0,0,0,0,0,0,0,0,0,1
0,3,15,0,0,7.2292,0,45,7.2292,0,1,0,0,0,0,1,0,0,0,0,0,0,0,0,0,1
0,3,17,1,1,7.2292,2,51,2.409733333333333,0,1,0,0,0,0,1,0,0,0,0,0,0,0,0,0,1
1,3,32,0,2,22.3583,2,96,7.452766666666666,1,1,0,0,0,0,0,1,0,0,0,0,0,0,0,0,1
0,3,30,0,0,8.6625,0,90,8.6625,1,0,0,1,0,1,0,0,0,0,0,0,0,0,0,0,1
1,2,7,0,2,26.25,2,14,8.75,1,0,0,1,0,1,0,0,0,0,0,0,0,0,0,0,1
0,1,45,0,0,26.55,0,45,26.55,0,0,0,1,0,0,1,0,0,1,0,0,0,0,0,0,0
1,1,30,0,0,106.425,0,30,106.425,1,1,0,0,0,1,0,0,0,0,0,0,0,0,0,0,1
0,3,23,0,0,14.5,0,69,14.5,0,0,0,1,0,0,1,0,0,0,0,0,0,0,0,0,1
1,1,22,0,2,49.5,2,22,16.5,1,1,0,0,0,1,0,0,0,1,0,0,0,0,0,0,0
1,1,36,0,2,71.0,2,36,23.666666666666668,1,0,0,1,0,1,0,0,0,1,0,0,0,0,0,0,0
0,3,9,4,2,31.275,6,27,4.4678571428571425,1,0,0,1,0,1,0,0,0,0,0,0,0,0,0,0,1
0,3,11,4,2,31.275,6,33,4.4678571428571425,1,0,0,1,0,1,0,0,0,0,0,0,0,0,0,0,1
1,2,32,1,0,26.0,1,64,13.0,0,0,0,1,0,0,1,0,0,0,0,0,0,0,0,0,1
0,1,50,1,0,106.425,1,50,53.2125,0,1,0,0,0,0,1,0,0,0,1,0,0,0,0,0,0
0,1,64,0,0,26.0,0,64,26.0,0,0,0,1,0,0,1,0,0,0,0,0,0,0,0,0,1
1,2,19,1,0,26.0,1,38,13.0,1,0,0,1,0,0,0,1,0,0,0,0,0,0,0,0,1
1,2,15,0,0,13.8625,0,30,13.8625,0,1,0,0,0,0,1,0,0,0,0,0,0,0,0,0,1
0,3,33,1,1,20.525,2,99,6.841666666666666,0,0,0,1,0,0,1,0,0,0,0,0,0,0,0,0,1
1,2,8,1,1,36.75,2,16,12.25,0,0,0,1,1,0,0,0,0,0,0,0,0,0,0,0,1
1,1,17,0,2,110.8833,2,17,36.9611,0,1,0,0,0,0,1,0,0,0,1,0,0,0,0,0,0
0,2,27,0,0,26.0,0,54,26.0,0,0,0,1,0,0,1,0,0,0,0,0,0,0,0,0,1
0,3,38,0,0,7.8292,0,114,7.8292,0,0,1,0,0,0,1,0,0,0,0,0,0,0,0,0,1
1,3,22,0,0,7.225,0,66,7.225,0,1,0,0,0,0,1,0,0,0,0,0,0,0,0,0,1
1,3,22,0,0,7.775,0,66,7.775,1,0,0,1,0,1,0,0,0,0,0,0,0,0,0,0,1
0,1,62,0,0,26.55,0,62,26.55,0,0,0,1,0,0,1,0,0,0,0,0,0,0,0,0,1
1,1,48,1,0,39.6,1,48,19.8,1,1,0,0,0,0,0,1,1,0,0,0,0,0,0,0,0
0,1,37,0,0,227.525,0,37,227.525,0,1,0,0,0,0,1,0,0,0,0,0,0,0,0,0,1
1,1,39,1,1,79.65,2,39,26.55,1,0,0,1,0,0,0,1,0,0,0,0,1,0,0,0,0
1,3,36,1,0,17.4,1,108,8.7,1,0,0,1,0,0,0,1,0,0,0,0,0,0,0,0,1
0,3,43,0,0,7.75,0,129,7.75,0,0,1,0,0,0,1,0,0,0,0,0,0,0,0,0,1
0,3,40,0,0,7.8958,0,120,7.8958,0,0,0,1,0,0,1,0,0,0,0,0,0,0,0,0,1
0,2,28,0,0,13.5,0,56,13.5,0,0,0,1,0,0,1,0,0,0,0,0,0,0,0,0,1
0,3,16,0,0,8.05,0,48,8.05,0,0,0,1,0,0,1,0,0,0,0,0,0,0,0,0,1
0,3,23,0,0,8.05,0,69,8.05,1,0,0,1,0,1,0,0,0,0,0,0,0,0,0,0,1
0,3,24,2,0,24.15,2,72,8.049999999999999,0,0,0,1,0,0,1,0,0,0,0,0,0,0,0,0,1
0,3,19,0,0,7.8958,0,57,7.8958,0,0,0,1,0,0,1,0,0,0,0,0,0,0,0,0,1
0,3,29,0,4,21.075,4,87,4.215,1,0,0,1,0,0,0,1,0,0,0,0,0,0,0,0,1
0,3,36,0,0,7.2292,0,108,7.2292,0,1,0,0,0,0,1,0,0,0,0,0,0,0,0,0,1
1,3,32,0,0,7.8542,0,96,7.8542,0,0,0,1,0,0,1,0,0,0,0,0,0,0,0,0,1
1,2,62,0,0,10.5,0,124,10.5,0,0,0,1,0,0,1,0,0,0,0,0,0,0,0,0,1
1,1,53,2,0,51.4792,2,53,17.15973333333333,1,0,0,1,0,0,0,1,0,0,1,0,0,0,0,0,0
1,1,36,0,0,26.3875,0,36,26.3875,0,0,0,1,0,0,1,0,0,0,0,0,1,0,0,0,0
1,3,36,0,0,7.75,0,108,7.75,1,0,1,0,0,1,0,0,0,0,0,0,0,0,0,0,1
0,3,16,0,0,8.05,0,48,8.05,0,0,0,1,0,0,1,0,0,0,0,0,0,0,0,0,1
0,3,19,0,0,14.5,0,57,14.5,0,0,0,1,0,0,1,0,0,0,0,0,0,0,0,0,1
1,2,34,0,0,13.0,0,68,13.0,1,0,0,1,0,1,0,0,0,0,0,0,0,0,0,0,1
1,1,39,1,0,55.9,1,39,27.95,1,0,0,1,0,0,0,1,0,0,0,0,1,0,0,0,0
0,3,35,1,0,14.4583,1,105,7.22915,1,1,0,0,0,0,0,1,0,0,0,0,0,0,0,0,1
1,3,32,0,0,7.925,0,96,7.925,0,0,0,1,0,0,1,0,0,0,0,0,0,0,0,0,1
1,2,25,1,1,30.0,2,50,10.0,1,0,0,1,0,1,0,0,0,0,0,0,0,0,0,0,1
1,1,39,1,1,110.8833,2,39,36.9611,1,1,0,0,0,0,0,1,0,0,1,0,0,0,0,0,0
0,2,54,0,0,26.0,0,108,26.0,0,0,0,1,0,0,1,0,0,0,0,0,0,0,0,0,1
0,1,36,0,0,40.125,0,36,40.125,0,1,0,0,0,0,1,0,1,0,0,0,0,0,0,0,0
0,3,15,0,0,8.7125,0,45,8.7125,0,1,0,0,0,0,1,0,0,0,0,0,0,0,0,0,1
1,1,18,0,2,79.65,2,18,26.55,1,0,0,1,0,1,0,0,0,0,0,0,1,0,0,0,0
0,2,47,0,0,15.0,0,94,15.0,0,0,0,1,0,0,1,0,0,0,0,0,0,0,0,0,1
1,1,60,1,1,79.2,2,60,26.400000000000002,0,1,0,0,0,0,1,0,0,1,0,0,0,0,0,0,0
0,3,22,0,0,8.05,0,66,8.05,0,0,0,1,0,0,1,0,0,0,0,0,0,0,0,0,1
0,3,28,0,0,8.05,0,84,8.05,0,0,0,1,0,0,1,0,0,0,0,0,0,0,0,0,1
0,3,35,0,0,7.125,0,105,7.125,0,0,0,1,0,0,1,0,0,0,0,0,0,0,0,0,1
1,1,52,1,0,78.2667,1,52,39.13335,1,1,0,0,0,0,0,1,0,0,0,1,0,0,0,0,0
0,3,47,0,0,7.25,0,141,7.25,0,0,0,1,0,0,1,0,0,0,0,0,0,0,0,0,1
0,3,20,0,2,7.75,2,60,2.5833333333333335,1,0,1,0,0,1,0,0,0,0,0,0,0,0,0,0,1
0,2,37,1,0,26.0,1,74,13.0,0,0,0,1,0,0,1,0,0,0,0,0,0,0,0,0,1
0,3,36,1,1,24.15,2,108,8.049999999999999,0,0,0,1,0,0,1,0,0,0,0,0,0,0,0,0,1
1,2,15,0,0,33.0,0,30,33.0,1,0,0,1,0,1,0,0,0,0,0,0,0,0,0,0,1
0,3,49,0,0,0.0,0,147,0.0,0,0,0,1,0,0,1,0,0,0,0,0,0,0,0,0,1
0,3,37,0,0,7.225,0,111,7.225,0,1,0,0,0,0,1,0,0,0,0,0,0,0,0,0,1
1,1,49,1,0,56.9292,1,49,28.4646,0,1,0,0,0,0,1,0,1,0,0,0,0,0,0,0,0
1,2,24,2,1,27.0,3,48,6.75,1,0,0,1,0,0,0,1,0,0,0,0,0,0,0,0,1
0,3,18,0,0,7.8958,0,54,7.8958,0,0,0,1,0,0,1,0,0,0,0,0,0,0,0,0,1
0,1,40,0,0,42.4,0,40,42.4,0,0,0,1,0,0,1,0,0,0,0,0,0,0,0,0,1
0,3,44,0,0,8.05,0,132,8.05,0,0,0,1,0,0,1,0,0,0,0,0,0,0,0,0,1
1,1,35,0,0,26.55,0,35,26.55,0,1,0,0,0,0,1,0,0,0,0,0,0,0,0,0,1
0,3,36,1,0,15.55,1,108,7.775,0,0,0,1,0,0,1,0,0,0,0,0,0,0,0,0,1
0,3,30,0,0,7.8958,0,90,7.8958,0,0,0,1,0,0,1,0,0,0,0,0,0,0,0,0,1
1,1,27,0,0,30.5,0,27,30.5,0,0,0,1,0,0,1,0,0,0,0,0,0,0,0,0,1
1,2,22,1,2,41.5792,3,44,10.3948,1,1,0,0,0,0,0,1,0,0,0,0,0,0,0,0,1
1,1,40,0,0,153.4625,0,40,153.4625,1,0,0,1,0,1,0,0,0,0,1,0,0,0,0,0,0
0,3,39,1,5,31.275,6,117,4.4678571428571425,1,0,0,1,0,0,0,1,0,0,0,0,0,0,0,0,1
0,3,41,0,0,7.05,0,123,7.05,0,0,0,1,0,0,1,0,0,0,0,0,0,0,0,0,1
1,3,23,1,0,15.5,1,69,7.75,1,0,1,0,0,1,0,0,0,0,0,0,0,0,0,0,1
0,3,42,0,0,7.75,0,126,7.75,0,0,1,0,0,0,1,0,0,0,0,0,0,0,0,0,1
0,3,35,0,0,8.05,0,105,8.05,0,0,0,1,0,0,1,0,0,0,0,0,0,0,0,0,1
1,2,24,1,2,65.0,3,48,16.25,1,0,0,1,0,1,0,0,0,0,0,0,0,0,0,0,1
0,3,34,1,1,14.4,2,102,4.8,0,0,0,1,0,0,1,0,0,0,0,0,0,0,0,0,1
0,3,26,1,0,16.1,1,78,8.05,1,0,0,1,0,0,0,1,0,0,0,0,0,0,0,0,1
1,2,4,2,1,39.0,3,8,9.75,1,0,0,1,0,1,0,0,0,0,0,0,0,1,0,0,0
0,2,26,0,0,10.5,0,52,10.5,0,0,0,1,0,0,1,0,0,0,0,0,0,0,0,0,1
0,3,27,1,0,14.4542,1,81,7.2271,0,1,0,0,0,0,1,0,0,0,0,0,0,0,0,0,1
1,1,42,1,0,52.5542,1,42,26.2771,0,0,0,1,0,0,1,0,0,0,0,1,0,0,0,0,0
1,3,20,1,1,15.7417,2,60,5.247233333333333,0,1,0,0,0,0,1,0,0,0,0,0,0,0,0,0,1
0,3,21,0,0,7.8542,0,63,7.8542,0,0,0,1,0,0,1,0,0,0,0,0,0,0,0,0,1
0,3,21,0,0,16.1,0,63,16.1,0,0,0,1,0,0,1,0,0,0,0,0,0,0,0,0,1
0,1,61,0,0,32.3208,0,61,32.3208,0,0,0,1,0,0,1,0,0,0,0,1,0,0,0,0,0
0,2,57,0,0,12.35,0,114,12.35,0,0,1,0,0,0,1,0,0,0,0,0,0,0,0,0,1
1,1,21,0,0,77.9583,0,21,77.9583,1,0,0,1,0,1,0,0,0,0,0,1,0,0,0,0,0
0,3,26,0,0,7.8958,0,78,7.8958,0,0,0,1,0,0,1,0,0,0,0,0,0,0,0,0,1
0,3,16,0,0,7.7333,0,48,7.7333,0,0,1,0,0,0,1,0,0,0,0,0,0,0,0,0,1
1,1,80,0,0,30.0,0,80,30.0,0,0,0,1,0,0,1,0,1,0,0,0,0,0,0,0,0
0,3,51,0,0,7.0542,0,153,7.0542,0,0,0,1,0,0,1,0,0,0,0,0,0,0,0,0,1
1,1,32,0,0,30.5,0,32,30.5,0,1,0,0,0,0,0,1,0,1,0,0,0,0,0,0,0
0,1,24,0,0,0.0,0,24,0.0,0,0,0,1,0,0,1,0,0,0,0,0,0,0,0,0,1
0,3,9,3,2,27.9,5,27,4.6499999999999995,1,0,0,1,0,1,0,0,0,0,0,0,0,0,0,0,1
1,2,28,0,0,13.0,0,56,13.0,1,0,0,1,0,1,0,0,0,0,0,0,0,0,0,0,1
0,3,32,0,0,7.925,0,96,7.925,0,0,0,1,0,0,1,0,0,0,0,0,0,0,0,0,1
0,2,31,1,1,26.25,2,62,8.75,0,0,0,1,0,0,1,0,0,0,0,0,0,0,0,0,1
0,3,41,0,5,39.6875,5,123,6.614583333333333,1,0,0,1,0,0,0,1,0,0,0,0,0,0,0,0,1
0,3,38,1,0,16.1,1,114,8.05,0,0,0,1,0,0,1,0,0,0,0,0,0,0,0,0,1
0,3,20,0,0,7.8542,0,60,7.8542,0,0,0,1,0,0,1,0,0,0,0,0,0,0,0,0,1
1,1,24,0,0,69.3,0,24,69.3,1,1,0,0,0,1,0,0,0,1,0,0,0,0,0,0,0
0,3,2,3,2,27.9,5,6,4.6499999999999995,1,0,0,1,0,1,0,0,0,0,0,0,0,0,0,0,1
1,3,33,0,0,56.4958,0,99,56.4958,0,0,0,1,0,0,1,0,0,0,0,0,0,0,0,0,1
1,3,0,2,1,19.2583,3,0,4.814575,1,1,0,0,0,1,0,0,0,0,0,0,0,0,0,0,1
1,1,48,1,0,76.7292,1,48,38.3646,0,1,0,0,0,0,1,0,0,0,0,1,0,0,0,0,0
0,3,19,0,0,7.8958,0,57,7.8958,0,0,0,1,0,0,1,0,0,0,0,0,0,0,0,0,1
1,1,56,0,0,35.5,0,56,35.5,0,1,0,0,0,0,1,0,1,0,0,0,0,0,0,0,0
0,3,17,0,0,7.55,0,51,7.55,0,0,0,1,0,0,1,0,0,0,0,0,0,0,0,0,1
1,3,23,0,0,7.55,0,69,7.55,1,0,0,1,0,1,0,0,0,0,0,0,0,0,0,0,1
0,3,32,0,0,7.8958,0,96,7.8958,0,0,0,1,0,0,1,0,0,0,0,0,0,0,0,0,1
1,2,18,0,1,23.0,1,36,11.5,1,0,0,1,0,1,0,0,0,0,0,0,0,0,0,0,1
0,3,21,0,0,8.4333,0,63,8.4333,0,0,0,1,0,0,1,0,0,0,0,0,0,0,0,0,1
1,3,43,0,0,7.8292,0,129,7.8292,1,0,1,0,0,1,0,0,0,0,0,0,0,0,0,0,1
0,3,18,0,0,6.75,0,54,6.75,1,0,1,0,0,1,0,0,0,0,0,0,0,0,0,0,1
0,2,24,2,0,73.5,2,48,24.5,0,0,0,1,0,0,1,0,0,0,0,0,0,0,0,0,1
0,3,25,0,0,7.8958,0,75,7.8958,0,0,0,1,0,0,1,0,0,0,0,0,0,0,0,0,1
0,3,32,1,1,15.5,2,96,5.166666666666667,1,0,1,0,0,0,0,1,0,0,0,0,0,0,0,0,1
0,2,23,0,0,13.0,0,46,13.0,0,0,0,1,0,0,1,0,0,0,0,0,0,0,0,0,1
0,1,58,0,2,113.275,2,58,37.75833333333333,0,1,0,0,0,0,1,0,0,0,0,1,0,0,0,0,0
1,1,50,2,0,133.65,2,50,44.550000000000004,0,0,0,1,0,0,0,1,0,0,0,0,0,0,0,0,1
0,3,40,0,0,7.225,0,120,7.225,0,1,0,0,0,0,1,0,0,0,0,0,0,0,0,0,1
0,1,47,0,0,25.5875,0,47,25.5875,0,0,0,1,0,0,1,0,0,0,0,0,1,0,0,0,0
0,3,36,0,0,7.4958,0,108,7.4958,0,0,0,1,0,0,1,0,0,0,0,0,0,0,0,0,1
1,3,20,1,0,7.925,1,60,3.9625,0,0,0,1,0,0,1,0,0,0,0,0,0,0,0,0,1
0,2,32,2,0,73.5,2,64,24.5,0,0,0,1,0,0,1,0,0,0,0,0,0,0,0,0,1
0,2,25,0,0,13.0,0,50,13.0,0,0,0,1,0,0,1,0,0,0,0,0,0,0,0,0,1
0,3,29,0,0,7.775,0,87,7.775,0,0,0,1,0,0,1,0,0,0,0,0,0,0,0,0,1
0,3,43,0,0,8.05,0,129,8.05,0,0,0,1,0,0,1,0,0,0,0,0,0,0,0,0,1
1,1,40,1,0,52.0,1,40,26.0,1,0,0,1,0,0,0,1,0,0,1,0,0,0,0,0,0
1,2,40,1,1,39.0,2,80,13.0,1,0,0,1,0,0,0,1,0,0,0,0,0,0,0,0,1
0,1,31,1,0,52.0,1,31,26.0,0,0,0,1,0,0,1,0,0,1,0,0,0,0,0,0,0
0,2,70,0,0,10.5,0,140,10.5,0,0,0,1,0,0,1,0,0,0,0,0,0,0,0,0,1
1,2,31,0,0,13.0,0,62,13.0,0,0,0,1,0,0,1,0,0,0,0,0,0,0,0,0,1
0,2,25,0,0,0.0,0,50,0.0,0,0,0,1,0,0,1,0,0,0,0,0,0,0,0,0,1
0,3,18,0,0,7.775,0,54,7.775,0,0,0,1,0,0,1,0,0,0,0,0,0,0,0,0,1
0,3,24,0,0,8.05,0,72,8.05,0,0,0,1,0,0,1,0,0,0,0,0,0,0,0,0,1
1,3,18,0,0,9.8417,0,54,9.8417,1,0,0,1,0,1,0,0,0,0,0,0,0,0,0,0,1
0,3,43,1,6,46.9,7,129,5.8625,1,0,0,1,0,0,0,1,0,0,0,0,0,0,0,0,1
1,1,36,0,1,512.3292,1,36,256.1646,0,1,0,0,0,0,1,0,0,1,0,0,0,0,0,0,0
0,3,34,0,0,8.1375,0,102,8.1375,1,0,1,0,0,1,0,0,0,0,0,0,0,0,0,0,1
1,1,27,0,0,76.7292,0,27,76.7292,0,1,0,0,0,0,1,0,0,0,0,1,0,0,0,0,0
0,3,20,0,0,9.225,0,60,9.225,0,0,0,1,0,0,1,0,0,0,0,0,0,0,0,0,1
0,3,14,5,2,46.9,7,42,5.8625,0,0,0,1,0,0,1,0,0,0,0,0,0,0,0,0,1
0,2,60,1,1,39.0,2,120,13.0,0,0,0,1,0,0,1,0,0,0,0,0,0,0,0,0,1
0,2,25,1,2,41.5792,3,50,10.3948,0,1,0,0,0,0,1,0,0,0,0,0,0,0,0,0,1
0,3,14,4,1,39.6875,5,42,6.614583333333333,0,0,0,1,0,0,1,0,0,0,0,0,0,0,0,0,1
0,3,19,0,0,10.1708,0,57,10.1708,0,0,0,1,0,0,1,0,0,0,0,0,0,0,0,0,1
0,3,18,0,0,7.7958,0,54,7.7958,0,0,0,1,0,0,1,0,0,0,0,0,0,0,0,0,1
1,1,15,0,1,211.3375,1,15,105.66875,1,0,0,1,0,1,0,0,0,1,0,0,0,0,0,0,0
1,1,31,1,0,57.0,1,31,28.5,0,0,0,1,0,0,1,0,0,1,0,0,0,0,0,0,0
1,3,4,0,1,13.4167,1,12,6.70835,1,1,0,0,0,1,0,0,0,0,0,0,0,0,0,0,1
1,3,38,0,0,56.4958,0,114,56.4958,0,0,0,1,0,0,1,0,0,0,0,0,0,0,0,0,1
0,3,25,0,0,7.225,0,75,7.225,0,1,0,0,0,0,1,0,0,0,0,0,0,0,0,0,1
0,1,60,0,0,26.55,0,60,26.55,0,0,0,1,0,0,1,0,0,0,0,0,0,0,0,0,1
0,2,52,0,0,13.5,0,104,13.5,0,0,0,1,0,0,1,0,0,0,0,0,0,0,0,0,1
0,3,44,0,0,8.05,0,132,8.05,0,0,0,1,0,0,1,0,0,0,0,0,0,0,0,0,1
1,3,20,0,0,7.7333,0,60,7.7333,1,0,1,0,0,1,0,0,0,0,0,0,0,0,0,0,1
0,1,49,1,1,110.8833,2,49,36.9611,0,1,0,0,0,0,1,0,0,0,1,0,0,0,0,0,0
0,3,42,0,0,7.65,0,126,7.65,0,0,0,1,0,0,1,0,0,0,0,0,0,1,0,0,0
1,1,18,1,0,227.525,1,18,113.7625,1,1,0,0,0,0,0,1,0,0,1,0,0,0,0,0,0
1,1,35,0,0,26.2875,0,35,26.2875,0,0,0,1,0,0,1,0,0,0,0,0,1,0,0,0,0
0,3,18,0,1,14.4542,1,54,7.2271,1,1,0,0,0,1,0,0,0,0,0,0,0,0,0,0,1
0,3,25,0,0,7.7417,0,75,7.7417,0,0,1,0,0,0,1,0,0,0,0,0,0,0,0,0,1
0,3,26,1,0,7.8542,1,78,3.9271,0,0,0,1,0,0,1,0,0,0,0,0,0,0,0,0,1
0,2,39,0,0,26.0,0,78,26.0,0,0,0,1,0,0,1,0,0,0,0,0,0,0,0,0,1
1,2,45,0,0,13.5,0,90,13.5,1,0,0,1,0,0,0,1,0,0,0,0,0,0,0,0,1
1,1,42,0,0,26.2875,0,42,26.2875,0,0,0,1,0,0,1,0,0,0,0,0,1,0,0,0,0
1,1,22,0,0,151.55,0,22,151.55,1,0,0,1,0,1,0,0,0,0,0,0,0,0,0,0,1
1,3,31,1,1,15.2458,2,93,5.081933333333333,0,1,0,0,1,0,0,0,0,0,0,0,0,0,0,0,1
1,1,24,0,0,49.5042,0,24,49.5042,1,1,0,0,0,0,0,1,0,0,1,0,0,0,0,0,0
0,1,17,0,0,26.55,0,17,26.55,0,0,0,1,0,0,1,0,0,0,1,0,0,0,0,0,0
1,1,48,1,0,52.0,1,48,26.0,0,0,0,1,0,0,1,0,0,0,1,0,0,0,0,0,0
0,3,29,0,0,9.4833,0,87,9.4833,0,0,0,1,0,0,1,0,0,0,0,0,0,0,0,0,1
0,2,52,0,0,13.0,0,104,13.0,0,0,0,1,0,0,1,0,0,0,0,0,0,0,0,0,1
0,3,19,0,0,7.65,0,57,7.65,0,0,0,1,0,0,1,0,0,0,0,0,0,1,0,0,0
1,1,38,0,0,227.525,0,38,227.525,1,1,0,0,0,1,0,0,0,0,1,0,0,0,0,0,0
1,2,27,0,0,10.5,0,54,10.5,1,0,0,1,0,1,0,0,0,0,0,0,1,0,0,0,0
0,3,35,0,0,15.5,0,105,15.5,0,0,1,0,0,0,1,0,0,0,0,0,0,0,0,0,1
0,3,33,0,0,7.775,0,99,7.775,0,0,0,1,0,0,1,0,0,0,0,0,0,0,0,0,1
1,2,6,0,1,33.0,1,12,16.5,1,0,0,1,0,1,0,0,0,0,0,0,0,0,0,0,1
0,3,17,1,0,7.0542,1,51,3.5271,0,0,0,1,0,0,1,0,0,0,0,0,0,0,0,0,1
0,2,34,0,0,13.0,0,68,13.0,0,0,0,1,0,0,1,0,0,0,0,0,0,0,0,0,1
0,2,50,0,0,13.0,0,100,13.0,0,0,0,1,0,0,1,0,0,0,0,0,0,0,0,0,1
1,1,27,1,0,53.1,1,27,26.55,0,0,0,1,0,0,1,0,0,0,0,0,1,0,0,0,0
0,3,20,0,0,8.6625,0,60,8.6625,0,0,0,1,0,0,1,0,0,0,0,0,0,0,0,0,1
1,2,30,3,0,21.0,3,60,5.25,1,0,0,1,0,0,0,1,0,0,0,0,0,0,0,0,1
1,3,15,0,0,7.7375,0,45,7.7375,1,0,1,0,0,1,0,0,0,0,0,0,0,0,0,0,1
0,2,25,1,0,26.0,1,50,13.0,0,0,0,1,0,0,1,0,0,0,0,0,0,0,0,0,1
0,3,25,1,0,7.925,1,75,3.9625,1,0,0,1,0,1,0,0,0,0,0,0,0,0,0,0,1
1,1,29,0,0,211.3375,0,29,211.3375,1,0,0,1,0,1,0,0,0,1,0,0,0,0,0,0,0
0,3,11,0,0,18.7875,0,33,18.7875,0,1,0,0,0,0,1,0,0,0,0,0,0,0,0,0,1
0,2,36,0,0,0.0,0,72,0.0,0,0,0,1,0,0,1,0,0,0,0,0,0,0,0,0,1
0,2,23,0,0,13.0,0,46,13.0,0,0,0,1,0,0,1,0,0,0,0,0,0,0,0,0,1
0,2,23,0,0,13.0,0,46,13.0,0,0,0,1,0,0,1,0,0,0,0,0,0,0,0,0,1
0,3,28,0,0,16.1,0,84,16.1,0,0,0,1,0,0,1,0,0,0,0,0,0,0,0,0,1
0,3,48,1,3,34.375,4,144,6.875,1,0,0,1,0,0,0,1,0,0,0,0,0,0,0,0,1
1,1,35,0,0,512.3292,0,35,512.3292,0,1,0,0,0,0,1,0,0,1,0,0,0,0,0,0,0
0,3,17,0,0,7.8958,0,51,7.8958,0,0,0,1,0,0,1,0,0,0,0,0,0,0,0,0,1
0,3,19,0,0,7.8958,0,57,7.8958,0,0,0,1,0,0,1,0,0,0,0,0,0,0,0,0,1
1,1,21,0,0,30.0,0,21,30.0,0,0,0,1,0,0,1,0,0,0,0,1,0,0,0,0,0
0,1,36,1,0,78.85,1,36,39.425,0,0,0,1,0,0,1,0,0,0,1,0,0,0,0,0,0
1,1,21,2,2,262.375,4,21,52.475,1,1,0,0,0,1,0,0,0,1,0,0,0,0,0,0,0
0,3,24,1,0,16.1,1,72,8.05,0,0,0,1,0,0,1,0,0,0,0,0,0,0,0,0,1
1,3,31,0,0,7.925,0,93,7.925,0,0,0,1,0,0,1,0,0,0,0,0,0,0,0,0,1
0,1,70,1,1,71.0,2,70,23.666666666666668,0,0,0,1,0,0,1,0,0,1,0,0,0,0,0,0,0
0,3,16,1,1,20.25,2,48,6.75,0,0,0,1,0,0,1,0,0,0,0,0,0,0,0,0,1
1,2,30,0,0,13.0,0,60,13.0,1,0,0,1,0,1,0,0,0,0,0,0,0,0,0,0,1
0,1,19,1,0,53.1,1,19,26.55,0,0,0,1,0,0,1,0,0,0,0,1,0,0,0,0,0
0,3,31,0,0,7.75,0,93,7.75,0,0,1,0,0,0,1,0,0,0,0,0,0,0,0,0,1
1,2,4,1,1,23.0,2,8,7.666666666666667,1,0,0,1,0,1,0,0,0,0,0,0,0,0,0,0,1
1,3,6,0,1,12.475,1,18,6.2375,0,0,0,1,1,0,0,0,0,0,0,0,1,0,0,0,0
0,3,33,0,0,9.5,0,99,9.5,0,0,0,1,0,0,1,0,0,0,0,0,0,0,0,0,1
0,3,23,0,0,7.8958,0,69,7.8958,0,0,0,1,0,0,1,0,0,0,0,0,0,0,0,0,1
1,2,48,1,2,65.0,3,96,16.25,1,0,0,1,0,0,0,1,0,0,0,0,0,0,0,0,1
1,2,0,1,1,14.5,2,0,4.833333333333333,0,0,0,1,1,0,0,0,0,0,0,0,0,0,0,0,1
0,3,28,0,0,7.7958,0,84,7.7958,0,0,0,1,0,0,1,0,0,0,0,0,0,0,0,0,1
0,2,18,0,0,11.5,0,36,11.5,0,0,0,1,0,0,1,0,0,0,0,0,0,0,0,0,1
0,3,34,0,0,8.05,0,102,8.05,0,0,0,1,0,0,1,0,0,0,0,0,0,0,0,0,1
1,1,33,0,0,86.5,0,33,86.5,1,0,0,1,0,0,0,1,0,1,0,0,0,0,0,0,0
0,3,25,0,0,14.5,0,75,14.5,0,0,0,1,0,0,1,0,0,0,0,0,0,0,0,0,1
0,3,41,0,0,7.125,0,123,7.125,0,0,0,1,0,0,1,0,0,0,0,0,0,0,0,0,1
1,3,20,0,0,7.2292,0,60,7.2292,0,1,0,0,0,0,1,0,0,0,0,0,0,0,0,0,1
1,1,36,1,2,120.0,3,36,30.0,1,0,0,1,0,0,0,1,0,1,0,0,0,0,0,0,0
0,3,16,0,0,7.775,0,48,7.775,0,0,0,1,0,0,1,0,0,0,0,0,0,0,0,0,1
1,1,51,1,0,77.9583,1,51,38.97915,1,0,0,1,0,0,0,1,0,0,0,1,0,0,0,0,0
0,1,35,0,0,39.6,0,35,39.6,0,1,0,0,0,0,0,1,0,0,0,0,0,0,0,0,1
0,3,30,0,0,7.75,0,90,7.75,1,0,1,0,0,1,0,0,0,0,0,0,0,0,0,0,1
0,3,30,1,0,24.15,1,90,12.075,0,0,1,0,0,0,1,0,0,0,0,0,0,0,0,0,1
0,3,32,0,0,8.3625,0,96,8.3625,0,0,0,1,0,0,1,0,0,0,0,0,0,0,0,0,1
0,3,24,0,0,9.5,0,72,9.5,0,0,0,1,0,0,1,0,0,0,0,0,0,0,0,0,1
0,3,48,0,0,7.8542,0,144,7.8542,0,0,0,1,0,0,1,0,0,0,0,0,0,0,0,0,1
0,2,57,0,0,10.5,0,114,10.5,1,0,0,1,0,0,0,1,0,0,0,0,1,0,0,0,0
0,3,30,0,0,7.225,0,90,7.225,0,1,0,0,0,0,1,0,0,0,0,0,0,0,0,0,1
1,2,54,1,3,23.0,4,108,4.6,1,0,0,1,0,0,0,1,0,0,0,0,0,0,0,0,1
0,3,18,0,0,7.75,0,54,7.75,0,0,0,1,0,0,1,0,0,0,0,0,0,0,0,0,1
0,3,24,0,0,7.75,0,72,7.75,0,0,1,0,0,0,1,0,0,0,0,0,0,1,0,0,0
1,3,5,0,0,12.475,0,15,12.475,1,0,0,1,0,1,0,0,0,0,0,0,0,0,0,0,1
0,3,39,0,0,7.7375,0,117,7.7375,0,0,1,0,0,0,1,0,0,0,0,0,0,0,0,0,1
1,1,43,0,1,211.3375,1,43,105.66875,1,0,0,1,0,0,0,1,0,1,0,0,0,0,0,0,0
1,3,13,0,0,7.2292,0,39,7.2292,1,1,0,0,0,1,0,0,0,0,0,0,0,0,0,0,1
1,1,17,1,0,57.0,1,17,28.5,1,0,0,1,0,0,0,1,0,1,0,0,0,0,0,0,0
0,1,29,0,0,30.0,0,29,30.0,0,0,0,1,0,0,1,0,0,0,0,1,0,0,0,0,0
0,3,27,1,2,23.45,3,81,5.8625,0,0,0,1,0,0,1,0,0,0,0,0,0,0,0,0,1
0,3,25,0,0,7.05,0,75,7.05,0,0,0,1,0,0,1,0,0,0,0,0,0,0,0,0,1
0,3,25,0,0,7.25,0,75,7.25,0,0,0,1,0,0,1,0,0,0,0,0,0,0,0,0,1
1,3,18,0,0,7.4958,0,54,7.4958,1,0,0,1,0,1,0,0,0,0,0,0,0,0,0,0,1
0,3,8,4,1,29.125,5,24,4.854166666666667,0,0,1,0,1,0,0,0,0,0,0,0,0,0,0,0,1
1,3,1,1,2,20.575,3,3,5.14375,0,0,0,1,1,0,0,0,0,0,0,0,0,0,0,0,1
0,1,46,0,0,79.2,0,46,79.2,0,1,0,0,0,0,1,0,0,1,0,0,0,0,0,0,0
0,3,17,0,0,7.75,0,51,7.75,0,0,1,0,0,0,1,0,0,0,0,0,0,0,0,0,1
0,2,16,0,0,26.0,0,32,26.0,0,0,0,1,0,0,1,0,0,0,0,0,0,0,0,0,1
0,3,30,8,2,69.55,10,90,6.322727272727272,1,0,0,1,0,1,0,0,0,0,0,0,0,0,0,0,1
0,1,33,0,0,30.6958,0,33,30.6958,0,1,0,0,0,0,1,0,0,0,0,0,0,0,0,0,1
0,3,25,0,0,7.8958,0,75,7.8958,0,0,0,1,0,0,1,0,0,0,0,0,0,0,0,0,1
0,2,39,0,0,13.0,0,78,13.0,0,0,0,1,0,0,1,0,0,0,0,0,0,0,0,0,1
1,1,49,0,0,25.9292,0,49,25.9292,1,0,0,1,0,0,0,1,0,0,0,1,0,0,0,0,0
1,3,31,0,0,8.6833,0,93,8.6833,1,0,0,1,0,0,0,1,0,0,0,0,0,0,0,0,1
0,3,30,0,0,7.2292,0,90,7.2292,0,1,0,0,0,0,1,0,0,0,0,0,0,0,0,0,1
0,3,30,1,1,24.15,2,90,8.049999999999999,1,0,0,1,0,0,0,1,0,0,0,0,0,0,0,0,1
0,2,34,0,0,13.0,0,68,13.0,0,0,0,1,0,0,1,0,0,0,0,0,0,0,0,0,1
1,2,31,1,1,26.25,2,62,8.75,1,0,0,1,0,0,0,1,0,0,0,0,0,0,0,0,1
1,1,11,1,2,120.0,3,11,30.0,0,0,0,1,1,0,0,0,0,1,0,0,0,0,0,0,0
1,3,0,0,1,8.5167,1,0,4.25835,0,1,0,0,1,0,0,0,0,0,0,0,0,0,0,0,1
1,3,27,0,0,6.975,0,81,6.975,0,0,0,1,0,0,1,0,0,0,0,0,0,0,0,0,1
0,3,31,0,0,7.775,0,93,7.775,0,0,0,1,0,0,1,0,0,0,0,0,0,0,0,0,1
0,1,39,0,0,0.0,0,39,0.0,0,0,0,1,0,0,1,0,1,0,0,0,0,0,0,0,0
0,3,18,0,0,7.775,0,54,7.775,1,0,0,1,0,1,0,0,0,0,0,0,0,0,0,0,1
0,2,39,0,0,13.0,0,78,13.0,0,0,0,1,0,0,1,0,0,0,0,0,0,0,0,0,1
1,1,33,1,0,53.1,1,33,26.55,1,0,0,1,0,0,0,1,0,0,0,0,1,0,0,0,0
0,3,26,0,0,7.8875,0,78,7.8875,0,0,0,1,0,0,1,0,0,0,0,0,0,0,0,0,1
0,3,39,0,0,24.15,0,117,24.15,0,0,0,1,0,0,1,0,0,0,0,0,0,0,0,0,1
0,2,35,0,0,10.5,0,70,10.5,0,0,0,1,0,0,1,0,0,0,0,0,0,0,0,0,1
0,3,6,4,2,31.275,6,18,4.4678571428571425,1,0,0,1,0,1,0,0,0,0,0,0,0,0,0,0,1
0,3,30,0,0,8.05,0,90,8.05,0,0,0,1,0,0,1,0,0,0,0,0,0,0,0,0,1
0,1,15,0,0,0.0,0,15,0.0,0,0,0,1,0,0,1,0,0,1,0,0,0,0,0,0,0
0,3,23,0,0,7.925,0,69,7.925,1,0,0,1,0,1,0,0,0,0,0,0,0,0,0,0,1
0,2,31,1,1,37.0042,2,62,12.334733333333332,0,1,0,0,0,0,1,0,0,0,0,0,0,0,0,0,1
0,3,43,0,0,6.45,0,129,6.45,0,0,0,1,0,0,1,0,0,0,0,0,0,0,0,0,1
0,3,10,3,2,27.9,5,30,4.6499999999999995,0,0,0,1,1,0,0,0,0,0,0,0,0,0,0,0,1
1,1,52,1,1,93.5,2,52,31.166666666666668,1,0,0,1,0,0,0,1,0,1,0,0,0,0,0,0,0
1,3,27,0,0,8.6625,0,81,8.6625,0,0,0,1,0,0,1,0,0,0,0,0,0,0,0,0,1
0,1,38,0,0,0.0,0,38,0.0,0,0,0,1,0,0,1,0,0,0,0,0,0,0,0,0,1
1,3,27,0,1,12.475,1,81,6.2375,1,0,0,1,0,0,0,1,0,0,0,0,1,0,0,0,0
0,3,2,4,1,39.6875,5,6,6.614583333333333,0,0,0,1,1,0,0,0,0,0,0,0,0,0,0,0,1
0,3,19,0,0,6.95,0,57,6.95,0,0,1,0,0,0,1,0,0,0,0,0,0,0,0,0,1
0,3,26,0,0,56.4958,0,78,56.4958,0,0,0,1,0,0,1,0,0,0,0,0,0,0,0,0,1
1,2,1,0,2,37.0042,2,2,12.334733333333332,0,1,0,0,1,0,0,0,0,0,0,0,0,0,0,0,1
1,3,31,0,0,7.75,0,93,7.75,0,0,1,0,0,0,1,0,0,0,0,0,0,0,0,0,1
1,3,15,1,0,14.4542,1,45,7.2271,1,1,0,0,0,0,0,1,0,0,0,0,0,0,0,0,1
1,2,0,1,1,18.75,2,0,6.25,0,0,0,1,1,0,0,0,0,0,0,0,0,0,0,0,1
0,3,21,0,0,7.2292,0,63,7.2292,0,1,0,0,0,0,1,0,0,0,0,0,0,0,0,0,1
0,3,23,0,0,7.8542,0,69,7.8542,0,0,0,1,0,0,1,0,0,0,0,0,0,0,0,0,1
0,3,18,0,0,8.3,0,54,8.3,0,0,0,1,0,0,1,0,0,0,0,0,0,0,0,0,1
1,1,39,1,1,83.1583,2,39,27.71943333333333,1,1,0,0,0,1,0,0,0,0,0,0,1,0,0,0,0
0,3,21,0,0,8.6625,0,63,8.6625,0,0,0,1,0,0,1,0,0,0,0,0,0,0,0,0,1
0,3,35,0,0,8.05,0,105,8.05,0,0,0,1,0,0,1,0,0,0,0,0,0,0,0,0,1
1,3,32,0,0,56.4958,0,96,56.4958,0,0,0,1,0,0,1,0,0,0,0,0,0,0,0,0,1
1,1,35,0,0,29.7,0,35,29.7,0,1,0,0,0,0,1,0,0,0,1,0,0,0,0,0,0
0,3,20,0,0,7.925,0,60,7.925,0,0,0,1,0,0,1,0,0,0,0,0,0,0,0,0,1
0,2,16,0,0,10.5,0,32,10.5,0,0,0,1,0,0,1,0,0,0,0,0,0,0,0,0,1
1,1,30,0,0,31.0,0,30,31.0,1,1,0,0,0,1,0,0,0,0,0,0,0,0,0,0,1
0,3,34,0,0,6.4375,0,102,6.4375,0,1,0,0,0,0,1,0,0,0,0,0,0,0,0,0,1
0,3,17,0,0,8.6625,0,51,8.6625,0,0,0,1,0,0,1,0,0,0,0,0,0,0,0,0,1
0,3,42,0,0,7.55,0,126,7.55,0,0,0,1,0,0,1,0,0,0,0,0,0,0,0,0,1
0,3,18,8,2,69.55,10,54,6.322727272727272,0,0,0,1,0,0,1,0,0,0,0,0,0,0,0,0,1
0,3,35,0,0,7.8958,0,105,7.8958,0,1,0,0,0,0,1,0,0,0,0,0,0,0,0,0,1
0,2,28,0,1,33.0,1,56,16.5,0,0,0,1,0,0,1,0,0,0,0,0,0,0,0,0,1
1,1,36,1,0,89.1042,1,36,44.5521,1,1,0,0,0,0,0,1,0,0,1,0,0,0,0,0,0
0,3,4,4,2,31.275,6,12,4.4678571428571425,0,0,0,1,1,0,0,0,0,0,0,0,0,0,0,0,1
0,3,74,0,0,7.775,0,222,7.775,0,0,0,1,0,0,1,0,0,0,0,0,0,0,0,0,1
0,3,9,1,1,15.2458,2,27,5.081933333333333,1,1,0,0,0,1,0,0,0,0,0,0,0,0,0,0,1
1,1,16,0,1,39.4,1,16,19.7,1,0,0,1,0,1,0,0,0,0,0,1,0,0,0,0,0
0,2,44,1,0,26.0,1,88,13.0,1,0,0,1,0,0,0,1,0,0,0,0,0,0,0,0,1
1,3,18,0,1,9.35,1,54,4.675,1,0,0,1,0,0,0,1,0,0,0,0,0,0,0,0,1
1,1,45,1,1,164.8667,2,45,54.95556666666667,1,0,0,1,0,0,0,1,0,0,0,0,0,0,0,0,1
1,1,51,0,0,26.55,0,51,26.55,0,0,0,1,0,0,1,0,0,0,0,0,1,0,0,0,0
1,3,24,0,3,19.2583,3,72,4.814575,1,1,0,0,0,0,0,1,0,0,0,0,0,0,0,0,1
0,3,15,0,0,7.2292,0,45,7.2292,0,1,0,0,0,0,1,0,0,0,0,0,0,0,0,0,1
0,3,41,2,0,14.1083,2,123,4.702766666666666,0,0,0,1,0,0,1,0,0,0,0,0,0,0,0,0,1
0,2,21,1,0,11.5,1,42,5.75,0,0,0,1,0,0,1,0,0,0,0,0,0,0,0,0,1
1,1,48,0,0,25.9292,0,48,25.9292,1,0,0,1,0,0,0,1,0,0,0,1,0,0,0,0,0
0,3,24,8,2,69.55,10,72,6.322727272727272,1,0,0,1,0,1,0,0,0,0,0,0,0,0,0,0,1
0,2,24,0,0,13.0,0,48,13.0,0,0,0,1,0,0,1,0,0,0,0,0,0,0,0,0,1
1,2,42,0,0,13.0,0,84,13.0,1,0,0,1,0,0,0,1,0,0,0,0,0,0,0,0,1
1,2,27,1,0,13.8583,1,54,6.92915,1,1,0,0,0,1,0,0,0,0,0,0,0,0,0,0,1
0,1,31,0,0,50.4958,0,31,50.4958,0,0,0,1,0,0,1,0,1,0,0,0,0,0,0,0,0
0,3,31,0,0,9.5,0,93,9.5,0,0,0,1,0,0,1,0,0,0,0,0,0,0,0,0,1
1,3,4,1,1,11.1333,2,12,3.7111,0,0,0,1,1,0,0,0,0,0,0,0,0,0,0,0,1
0,3,26,0,0,7.8958,0,78,7.8958,0,0,0,1,0,0,1,0,0,0,0,0,0,0,0,0,1
1,1,47,1,1,52.5542,2,47,17.518066666666666,1,0,0,1,0,0,0,1,0,0,0,1,0,0,0,0,0
0,1,33,0,0,5.0,0,33,5.0,0,0,0,1,0,0,1,0,0,1,0,0,0,0,0,0,0
0,3,47,0,0,9.0,0,141,9.0,0,0,0,1,0,0,1,0,0,0,0,0,0,0,0,0,1
1,2,28,1,0,24.0,1,56,12.0,1,1,0,0,0,0,0,1,0,0,0,0,0,0,0,0,1
1,3,15,0,0,7.225,0,45,7.225,1,1,0,0,0,1,0,0,0,0,0,0,0,0,0,0,1
0,3,20,0,0,9.8458,0,60,9.8458,0,0,0,1,0,0,1,0,0,0,0,0,0,0,0,0,1
0,3,19,0,0,7.8958,0,57,7.8958,0,0,0,1,0,0,1,0,0,0,0,0,0,0,0,0,1
0,3,34,0,0,7.8958,0,102,7.8958,0,0,0,1,0,0,1,0,0,0,0,0,0,0,0,0,1
1,1,56,0,1,83.1583,1,56,41.57915,1,1,0,0,0,0,0,1,0,0,1,0,0,0,0,0,0
1,2,25,0,1,26.0,1,50,13.0,1,0,0,1,0,0,0,1,0,0,0,0,0,0,0,0,1
0,3,33,0,0,7.8958,0,99,7.8958,0,0,0,1,0,0,1,0,0,0,0,0,0,0,0,0,1
0,3,22,0,0,10.5167,0,66,10.5167,1,0,0,1,0,1,0,0,0,0,0,0,0,0,0,0,1
0,2,28,0,0,10.5,0,56,10.5,0,0,0,1,0,0,1,0,0,0,0,0,0,0,0,0,1
0,3,25,0,0,7.05,0,75,7.05,0,0,0,1,0,0,1,0,0,0,0,0,0,0,0,0,1
0,3,39,0,5,29.125,5,117,4.854166666666667,1,0,1,0,0,0,0,1,0,0,0,0,0,0,0,0,1
0,2,27,0,0,13.0,0,54,13.0,0,0,0,1,0,0,1,0,0,0,0,0,0,0,0,0,1
1,1,19,0,0,30.0,0,19,30.0,1,0,0,1,0,1,0,0,0,1,0,0,0,0,0,0,0
0,3,17,1,2,23.45,3,51,5.8625,1,0,0,1,0,1,0,0,0,0,0,0,0,0,0,0,1
1,1,26,0,0,30.0,0,26,30.0,0,1,0,0,0,0,1,0,0,0,1,0,0,0,0,0,0
0,3,32,0,0,7.75,0,96,7.75,0,0,1,0,0,0,1,0,0,0,0,0,0,0,0,0,1
